ProductID,Product,BrandName,Category,Color,Style,Size,Product Description
1,Sweatshirt,Flying Machine,Women,Red,Stripped,L,A red sweatshirt with a stripped design in size L.
2,Sweatshirt,Myntra,Men,Red,Checked,M,A red sweatshirt with a checked design in size M.
3,T-Shirt,Puma,Men,White,Stripped,L,A white t-shirt with a stripped design in size L.
4,Sweatshirt,Myntra,Men,Black,Checked,M,A black sweatshirt with a checked design in size M.
5,Shirt,Wrangler ,Kids,Blue,Checked,XXL,A blue shirt with a checked design in size XXL.
6,Sweatshirt,Scullers,Kids,Red,Printed,XXL,A red sweatshirt with a printed design in size XXL.
7,Sweatshirt,Benetton,Men,White,Stripped,S,A white sweatshirt with a stripped design in size S.
8,Shirt,Lee ,Women,White,Stripped,M,A white shirt with a stripped design in size M.
9,Shirt,Highlander ,Women,Green,Printed,XXL,A green shirt with a printed design in size XXL.
10,Sweatshirt,Benetton,Men,Green,Printed,XL,A green sweatshirt with a printed design in size XL.
11,Shirt,Myntra,Kids,Red,Stripped,M,A red shirt with a stripped design in size M.
12,Shirt,Myntra,Women,Blue,Checked,XXL,A blue shirt with a checked design in size XXL.
13,T-Shirt,Highlander ,Women,Red,Checked,XL,A red t-shirt with a checked design in size XL.
14,Shirt,Scullers,Men,Blue,Checked,S,A blue shirt with a checked design in size S.
15,T-Shirt,Flying Machine,Women,Black,Checked,XL,A black t-shirt with a checked design in size XL.
16,Sweatshirt,Lee ,Men,White,Printed,M,A white sweatshirt with a printed design in size M.
17,T-Shirt,Myntra,Women,Blue,Printed,XL,A blue t-shirt with a printed design in size XL.
18,T-Shirt,Scullers,Men,Green,Checked,S,A green t-shirt with a checked design in size S.
19,T-Shirt,Lee ,Men,Black,Stripped,M,A black t-shirt with a stripped design in size M.
20,T-Shirt,Scullers,Women,White,Printed,L,A white t-shirt with a printed design in size L.
21,Sweatshirt,Scullers,Women,Green,Checked,L,A green sweatshirt with a checked design in size L.
22,T-Shirt,Puma,Men,Green,Checked,S,A green t-shirt with a checked design in size S.
23,Sweatshirt,Scullers,Women,White,Stripped,XL,A white sweatshirt with a stripped design in size XL.
24,Sweatshirt,Myntra,Men,Red,Checked,XXL,A red sweatshirt with a checked design in size XXL.
25,Shirt,Myntra,Women,White,Printed,XL,A white shirt with a printed design in size XL.
26,T-Shirt,Highlander ,Men,Green,Stripped,L,A green t-shirt with a stripped design in size L.
27,T-Shirt,Highlander ,Women,Red,Stripped,M,A red t-shirt with a stripped design in size M.
28,Shirt,Wrangler ,Women,White,Checked,XL,A white shirt with a checked design in size XL.
29,Shirt,Puma,Men,Blue,Checked,XXL,A blue shirt with a checked design in size XXL.
30,T-Shirt,Wrangler ,Men,White,Printed,L,A white t-shirt with a printed design in size L.
31,Shirt,Wrangler ,Men,Blue,Checked,M,A blue shirt with a checked design in size M.
32,T-Shirt,Highlander ,Men,White,Printed,M,A white t-shirt with a printed design in size M.
33,Shirt,Scullers,Kids,Green,Checked,XL,A green shirt with a checked design in size XL.
34,T-Shirt,Benetton,Men,Green,Stripped,XL,A green t-shirt with a stripped design in size XL.
35,T-Shirt,Myntra,Women,Red,Checked,S,A red t-shirt with a checked design in size S.
36,Sweatshirt,Myntra,Kids,White,Stripped,XXL,A white sweatshirt with a stripped design in size XXL.
37,Shirt,Lee ,Men,Red,Stripped,S,A red shirt with a stripped design in size S.
38,Sweatshirt,Scullers,Men,White,Checked,XXL,A white sweatshirt with a checked design in size XXL.
39,T-Shirt,Highlander ,Men,Red,Printed,S,A red t-shirt with a printed design in size S.
40,Shirt,Flying Machine,Kids,Red,Stripped,L,A red shirt with a stripped design in size L.
41,T-Shirt,Puma,Women,Green,Checked,M,A green t-shirt with a checked design in size M.
42,T-Shirt,Myntra,Men,Blue,Printed,S,A blue t-shirt with a printed design in size S.
43,T-Shirt,Puma,Kids,Black,Checked,L,A black t-shirt with a checked design in size L.
44,Shirt,Flying Machine,Men,Blue,Printed,L,A blue shirt with a printed design in size L.
45,Sweatshirt,Wrangler ,Men,White,Printed,S,A white sweatshirt with a printed design in size S.
46,T-Shirt,Flying Machine,Women,Green,Stripped,XL,A green t-shirt with a stripped design in size XL.
47,Shirt,Highlander ,Women,Blue,Printed,M,A blue shirt with a printed design in size M.
48,T-Shirt,Flying Machine,Kids,Green,Printed,M,A green t-shirt with a printed design in size M.
49,Shirt,Benetton,Kids,Blue,Checked,L,A blue shirt with a checked design in size L.
50,T-Shirt,Lee ,Kids,Green,Printed,L,A green t-shirt with a printed design in size L.
51,Sweatshirt,Flying Machine,Women,Blue,Checked,M,A blue sweatshirt with a checked design in size M.
52,Shirt,Highlander ,Men,Black,Checked,XXL,A black shirt with a checked design in size XXL.
53,T-Shirt,Flying Machine,Kids,Blue,Stripped,M,A blue t-shirt with a stripped design in size M.
54,Shirt,Lee ,Men,Red,Checked,M,A red shirt with a checked design in size M.
55,Shirt,Flying Machine,Women,Blue,Stripped,XL,A blue shirt with a stripped design in size XL.
56,Sweatshirt,Lee ,Women,Red,Stripped,M,A red sweatshirt with a stripped design in size M.
57,T-Shirt,Lee ,Women,Red,Checked,XXL,A red t-shirt with a checked design in size XXL.
58,Sweatshirt,Benetton,Kids,Green,Printed,XL,A green sweatshirt with a printed design in size XL.
59,T-Shirt,Puma,Kids,White,Stripped,XXL,A white t-shirt with a stripped design in size XXL.
60,Sweatshirt,Puma,Men,Green,Stripped,S,A green sweatshirt with a stripped design in size S.
61,Sweatshirt,Flying Machine,Kids,Green,Printed,S,A green sweatshirt with a printed design in size S.
62,T-Shirt,Puma,Kids,White,Checked,XXL,A white t-shirt with a checked design in size XXL.
63,Sweatshirt,Highlander ,Kids,Green,Printed,M,A green sweatshirt with a printed design in size M.
64,T-Shirt,Myntra,Women,Red,Printed,L,A red t-shirt with a printed design in size L.
65,Sweatshirt,Scullers,Women,Red,Stripped,S,A red sweatshirt with a stripped design in size S.
66,Sweatshirt,Puma,Kids,Green,Stripped,XL,A green sweatshirt with a stripped design in size XL.
67,Sweatshirt,Lee ,Women,Blue,Printed,L,A blue sweatshirt with a printed design in size L.
68,Sweatshirt,Highlander ,Women,Green,Checked,S,A green sweatshirt with a checked design in size S.
69,Sweatshirt,Highlander ,Kids,Black,Checked,M,A black sweatshirt with a checked design in size M.
70,Sweatshirt,Highlander ,Kids,Green,Checked,XL,A green sweatshirt with a checked design in size XL.
71,Shirt,Benetton,Men,Red,Checked,S,A red shirt with a checked design in size S.
72,T-Shirt,Myntra,Kids,Blue,Stripped,M,A blue t-shirt with a stripped design in size M.
73,T-Shirt,Highlander ,Men,Green,Stripped,S,A green t-shirt with a stripped design in size S.
74,Sweatshirt,Myntra,Women,Black,Printed,S,A black sweatshirt with a printed design in size S.
75,T-Shirt,Highlander ,Kids,Red,Checked,S,A red t-shirt with a checked design in size S.
76,Shirt,Flying Machine,Women,Black,Printed,XL,A black shirt with a printed design in size XL.
77,T-Shirt,Wrangler ,Men,Black,Stripped,M,A black t-shirt with a stripped design in size M.
78,T-Shirt,Wrangler ,Women,Black,Printed,M,A black t-shirt with a printed design in size M.
79,Sweatshirt,Myntra,Kids,Black,Stripped,S,A black sweatshirt with a stripped design in size S.
80,Shirt,Puma,Women,Green,Printed,L,A green shirt with a printed design in size L.
81,T-Shirt,Highlander ,Women,Red,Stripped,L,A red t-shirt with a stripped design in size L.
82,Sweatshirt,Highlander ,Kids,White,Printed,M,A white sweatshirt with a printed design in size M.
83,Sweatshirt,Highlander ,Men,Black,Checked,M,A black sweatshirt with a checked design in size M.
84,Shirt,Wrangler ,Women,Blue,Printed,XL,A blue shirt with a printed design in size XL.
85,Shirt,Scullers,Kids,White,Checked,M,A white shirt with a checked design in size M.
86,Shirt,Highlander ,Kids,Green,Printed,XXL,A green shirt with a printed design in size XXL.
87,Sweatshirt,Highlander ,Men,Green,Checked,XXL,A green sweatshirt with a checked design in size XXL.
88,T-Shirt,Benetton,Women,Green,Stripped,XXL,A green t-shirt with a stripped design in size XXL.
89,T-Shirt,Myntra,Men,Blue,Printed,M,A blue t-shirt with a printed design in size M.
90,Sweatshirt,Lee ,Men,Black,Printed,XXL,A black sweatshirt with a printed design in size XXL.
91,Shirt,Puma,Kids,Green,Checked,XXL,A green shirt with a checked design in size XXL.
92,T-Shirt,Puma,Women,Black,Printed,XXL,A black t-shirt with a printed design in size XXL.
93,T-Shirt,Wrangler ,Kids,Red,Stripped,XL,A red t-shirt with a stripped design in size XL.
94,Sweatshirt,Myntra,Women,Black,Stripped,XL,A black sweatshirt with a stripped design in size XL.
95,Sweatshirt,Lee ,Men,Green,Printed,L,A green sweatshirt with a printed design in size L.
96,T-Shirt,Flying Machine,Men,Red,Printed,XXL,A red t-shirt with a printed design in size XXL.
97,Shirt,Flying Machine,Kids,Black,Checked,XXL,A black shirt with a checked design in size XXL.
98,Sweatshirt,Lee ,Women,Green,Stripped,S,A green sweatshirt with a stripped design in size S.
99,Sweatshirt,Puma,Kids,White,Checked,M,A white sweatshirt with a checked design in size M.
100,Sweatshirt,Myntra,Kids,Green,Stripped,L,A green sweatshirt with a stripped design in size L.
101,Sweatshirt,Wrangler ,Men,Red,Printed,L,A red sweatshirt with a printed design in size L.
102,Shirt,Puma,Men,Black,Printed,S,A black shirt with a printed design in size S.
103,Shirt,Highlander ,Men,Red,Stripped,S,A red shirt with a stripped design in size S.
104,Shirt,Lee ,Women,Blue,Printed,S,A blue shirt with a printed design in size S.
105,Shirt,Myntra,Kids,White,Printed,S,A white shirt with a printed design in size S.
106,Sweatshirt,Flying Machine,Kids,White,Stripped,XL,A white sweatshirt with a stripped design in size XL.
107,Sweatshirt,Benetton,Kids,Blue,Checked,L,A blue sweatshirt with a checked design in size L.
108,Sweatshirt,Highlander ,Men,Black,Printed,XXL,A black sweatshirt with a printed design in size XXL.
109,T-Shirt,Scullers,Women,Blue,Stripped,M,A blue t-shirt with a stripped design in size M.
110,T-Shirt,Wrangler ,Women,Black,Printed,S,A black t-shirt with a printed design in size S.
111,Sweatshirt,Lee ,Women,White,Checked,S,A white sweatshirt with a checked design in size S.
112,Shirt,Benetton,Kids,Blue,Checked,M,A blue shirt with a checked design in size M.
113,T-Shirt,Lee ,Men,Black,Stripped,L,A black t-shirt with a stripped design in size L.
114,T-Shirt,Flying Machine,Men,Black,Stripped,XXL,A black t-shirt with a stripped design in size XXL.
115,Sweatshirt,Myntra,Men,Red,Stripped,XL,A red sweatshirt with a stripped design in size XL.
116,T-Shirt,Highlander ,Men,Red,Printed,XXL,A red t-shirt with a printed design in size XXL.
117,T-Shirt,Benetton,Kids,Green,Checked,S,A green t-shirt with a checked design in size S.
118,T-Shirt,Myntra,Men,Blue,Checked,S,A blue t-shirt with a checked design in size S.
119,Sweatshirt,Lee ,Women,Red,Printed,L,A red sweatshirt with a printed design in size L.
120,Sweatshirt,Myntra,Men,Black,Stripped,L,A black sweatshirt with a stripped design in size L.
121,T-Shirt,Wrangler ,Women,Blue,Stripped,S,A blue t-shirt with a stripped design in size S.
122,Shirt,Benetton,Men,Blue,Stripped,L,A blue shirt with a stripped design in size L.
123,Shirt,Puma,Kids,White,Printed,M,A white shirt with a printed design in size M.
124,Sweatshirt,Myntra,Kids,Green,Printed,S,A green sweatshirt with a printed design in size S.
125,Shirt,Flying Machine,Women,Blue,Stripped,XXL,A blue shirt with a stripped design in size XXL.
126,T-Shirt,Flying Machine,Men,Blue,Printed,S,A blue t-shirt with a printed design in size S.
127,T-Shirt,Lee ,Kids,Red,Stripped,M,A red t-shirt with a stripped design in size M.
128,T-Shirt,Wrangler ,Kids,White,Checked,XXL,A white t-shirt with a checked design in size XXL.
129,Sweatshirt,Wrangler ,Kids,Red,Checked,S,A red sweatshirt with a checked design in size S.
130,Sweatshirt,Scullers,Women,Red,Checked,XXL,A red sweatshirt with a checked design in size XXL.
131,Shirt,Benetton,Women,Black,Printed,XL,A black shirt with a printed design in size XL.
132,T-Shirt,Puma,Men,Red,Checked,XXL,A red t-shirt with a checked design in size XXL.
133,Shirt,Puma,Men,Red,Checked,M,A red shirt with a checked design in size M.
134,Shirt,Lee ,Women,Red,Stripped,S,A red shirt with a stripped design in size S.
135,T-Shirt,Puma,Women,Red,Printed,S,A red t-shirt with a printed design in size S.
136,Sweatshirt,Benetton,Men,White,Stripped,XL,A white sweatshirt with a stripped design in size XL.
137,Sweatshirt,Puma,Men,Red,Printed,M,A red sweatshirt with a printed design in size M.
138,T-Shirt,Puma,Men,Black,Printed,S,A black t-shirt with a printed design in size S.
139,T-Shirt,Benetton,Kids,Green,Stripped,XXL,A green t-shirt with a stripped design in size XXL.
140,Shirt,Scullers,Women,White,Checked,M,A white shirt with a checked design in size M.
141,T-Shirt,Benetton,Kids,Red,Checked,S,A red t-shirt with a checked design in size S.
142,T-Shirt,Wrangler ,Men,White,Stripped,S,A white t-shirt with a stripped design in size S.
143,Shirt,Myntra,Kids,Black,Checked,M,A black shirt with a checked design in size M.
144,Sweatshirt,Scullers,Men,Green,Printed,S,A green sweatshirt with a printed design in size S.
145,Sweatshirt,Puma,Women,Black,Checked,S,A black sweatshirt with a checked design in size S.
146,Sweatshirt,Highlander ,Men,Black,Printed,XXL,A black sweatshirt with a printed design in size XXL.
147,T-Shirt,Wrangler ,Women,Blue,Printed,XL,A blue t-shirt with a printed design in size XL.
148,T-Shirt,Myntra,Women,White,Checked,M,A white t-shirt with a checked design in size M.
149,Sweatshirt,Benetton,Women,White,Stripped,S,A white sweatshirt with a stripped design in size S.
150,T-Shirt,Scullers,Kids,Red,Checked,M,A red t-shirt with a checked design in size M.
151,T-Shirt,Wrangler ,Women,Blue,Stripped,S,A blue t-shirt with a stripped design in size S.
152,Shirt,Highlander ,Kids,Black,Printed,L,A black shirt with a printed design in size L.
153,Sweatshirt,Flying Machine,Women,White,Checked,XXL,A white sweatshirt with a checked design in size XXL.
154,Shirt,Benetton,Kids,Black,Checked,XXL,A black shirt with a checked design in size XXL.
155,T-Shirt,Benetton,Women,Blue,Checked,M,A blue t-shirt with a checked design in size M.
156,Shirt,Wrangler ,Women,Black,Stripped,S,A black shirt with a stripped design in size S.
157,T-Shirt,Lee ,Women,Green,Stripped,L,A green t-shirt with a stripped design in size L.
158,T-Shirt,Puma,Women,Red,Printed,M,A red t-shirt with a printed design in size M.
159,Sweatshirt,Lee ,Women,Black,Printed,M,A black sweatshirt with a printed design in size M.
160,T-Shirt,Flying Machine,Men,Blue,Printed,XXL,A blue t-shirt with a printed design in size XXL.
161,Sweatshirt,Scullers,Men,Black,Stripped,XXL,A black sweatshirt with a stripped design in size XXL.
162,Shirt,Flying Machine,Women,White,Stripped,L,A white shirt with a stripped design in size L.
163,Sweatshirt,Benetton,Kids,Blue,Stripped,S,A blue sweatshirt with a stripped design in size S.
164,Shirt,Myntra,Kids,Red,Printed,XL,A red shirt with a printed design in size XL.
165,T-Shirt,Lee ,Men,Blue,Printed,S,A blue t-shirt with a printed design in size S.
166,Sweatshirt,Wrangler ,Women,Green,Printed,XL,A green sweatshirt with a printed design in size XL.
167,T-Shirt,Wrangler ,Women,Blue,Printed,S,A blue t-shirt with a printed design in size S.
168,Shirt,Benetton,Men,Blue,Stripped,L,A blue shirt with a stripped design in size L.
169,Sweatshirt,Myntra,Women,Black,Printed,M,A black sweatshirt with a printed design in size M.
170,Sweatshirt,Myntra,Women,White,Checked,XL,A white sweatshirt with a checked design in size XL.
171,Shirt,Highlander ,Men,White,Printed,XXL,A white shirt with a printed design in size XXL.
172,T-Shirt,Lee ,Men,Green,Stripped,L,A green t-shirt with a stripped design in size L.
173,Shirt,Puma,Kids,Red,Printed,S,A red shirt with a printed design in size S.
174,T-Shirt,Puma,Men,Red,Checked,XL,A red t-shirt with a checked design in size XL.
175,T-Shirt,Puma,Women,Black,Printed,XL,A black t-shirt with a printed design in size XL.
176,Sweatshirt,Lee ,Kids,Blue,Checked,L,A blue sweatshirt with a checked design in size L.
177,Sweatshirt,Wrangler ,Kids,Blue,Checked,XXL,A blue sweatshirt with a checked design in size XXL.
178,Sweatshirt,Benetton,Women,Black,Checked,XXL,A black sweatshirt with a checked design in size XXL.
179,Sweatshirt,Flying Machine,Men,Black,Printed,L,A black sweatshirt with a printed design in size L.
180,Shirt,Myntra,Women,Blue,Printed,XL,A blue shirt with a printed design in size XL.
181,Shirt,Puma,Men,Black,Checked,L,A black shirt with a checked design in size L.
182,Sweatshirt,Scullers,Kids,White,Checked,L,A white sweatshirt with a checked design in size L.
183,Shirt,Lee ,Men,Black,Checked,XXL,A black shirt with a checked design in size XXL.
184,T-Shirt,Wrangler ,Kids,Red,Printed,XL,A red t-shirt with a printed design in size XL.
185,T-Shirt,Scullers,Women,Green,Printed,S,A green t-shirt with a printed design in size S.
186,Shirt,Benetton,Men,Green,Checked,XL,A green shirt with a checked design in size XL.
187,T-Shirt,Highlander ,Kids,Black,Stripped,S,A black t-shirt with a stripped design in size S.
188,Shirt,Scullers,Kids,Green,Printed,XL,A green shirt with a printed design in size XL.
189,T-Shirt,Lee ,Kids,Green,Stripped,XXL,A green t-shirt with a stripped design in size XXL.
190,Sweatshirt,Myntra,Kids,White,Checked,S,A white sweatshirt with a checked design in size S.
191,T-Shirt,Flying Machine,Women,Black,Checked,XXL,A black t-shirt with a checked design in size XXL.
192,Sweatshirt,Lee ,Women,Red,Checked,M,A red sweatshirt with a checked design in size M.
193,T-Shirt,Scullers,Men,Green,Printed,XL,A green t-shirt with a printed design in size XL.
194,Sweatshirt,Lee ,Women,Red,Checked,XL,A red sweatshirt with a checked design in size XL.
195,Sweatshirt,Puma,Men,White,Checked,XXL,A white sweatshirt with a checked design in size XXL.
196,Sweatshirt,Puma,Women,Blue,Checked,S,A blue sweatshirt with a checked design in size S.
197,Sweatshirt,Lee ,Women,White,Stripped,M,A white sweatshirt with a stripped design in size M.
198,Shirt,Wrangler ,Men,White,Checked,M,A white shirt with a checked design in size M.
199,Shirt,Lee ,Men,Black,Stripped,M,A black shirt with a stripped design in size M.
200,T-Shirt,Scullers,Kids,White,Checked,S,A white t-shirt with a checked design in size S.
201,T-Shirt,Puma,Kids,Green,Stripped,XL,A green t-shirt with a stripped design in size XL.
202,Shirt,Scullers,Women,Blue,Stripped,XL,A blue shirt with a stripped design in size XL.
203,Shirt,Benetton,Women,Red,Checked,XXL,A red shirt with a checked design in size XXL.
204,Shirt,Flying Machine,Men,Red,Checked,XL,A red shirt with a checked design in size XL.
205,T-Shirt,Scullers,Women,Blue,Printed,M,A blue t-shirt with a printed design in size M.
206,T-Shirt,Wrangler ,Men,Black,Checked,M,A black t-shirt with a checked design in size M.
207,T-Shirt,Myntra,Kids,White,Checked,S,A white t-shirt with a checked design in size S.
208,Sweatshirt,Scullers,Men,Black,Printed,XXL,A black sweatshirt with a printed design in size XXL.
209,T-Shirt,Highlander ,Men,Red,Stripped,S,A red t-shirt with a stripped design in size S.
210,Sweatshirt,Highlander ,Kids,White,Checked,M,A white sweatshirt with a checked design in size M.
211,Sweatshirt,Wrangler ,Men,Blue,Printed,M,A blue sweatshirt with a printed design in size M.
212,Sweatshirt,Scullers,Kids,Green,Stripped,XXL,A green sweatshirt with a stripped design in size XXL.
213,Shirt,Wrangler ,Women,Black,Stripped,S,A black shirt with a stripped design in size S.
214,Sweatshirt,Lee ,Kids,Green,Printed,L,A green sweatshirt with a printed design in size L.
215,Shirt,Myntra,Women,Blue,Printed,XL,A blue shirt with a printed design in size XL.
216,Shirt,Myntra,Kids,Green,Printed,XXL,A green shirt with a printed design in size XXL.
217,Sweatshirt,Flying Machine,Women,White,Stripped,M,A white sweatshirt with a stripped design in size M.
218,Shirt,Wrangler ,Men,Black,Checked,XL,A black shirt with a checked design in size XL.
219,T-Shirt,Flying Machine,Men,Black,Checked,S,A black t-shirt with a checked design in size S.
220,Shirt,Myntra,Kids,Blue,Printed,XXL,A blue shirt with a printed design in size XXL.
221,T-Shirt,Wrangler ,Men,Red,Printed,L,A red t-shirt with a printed design in size L.
222,T-Shirt,Lee ,Men,White,Printed,L,A white t-shirt with a printed design in size L.
223,Shirt,Lee ,Men,Red,Printed,XL,A red shirt with a printed design in size XL.
224,T-Shirt,Scullers,Kids,Black,Printed,XL,A black t-shirt with a printed design in size XL.
225,T-Shirt,Wrangler ,Men,Blue,Printed,M,A blue t-shirt with a printed design in size M.
226,T-Shirt,Flying Machine,Men,Red,Checked,M,A red t-shirt with a checked design in size M.
227,T-Shirt,Flying Machine,Women,Red,Printed,L,A red t-shirt with a printed design in size L.
228,Sweatshirt,Highlander ,Women,Green,Checked,M,A green sweatshirt with a checked design in size M.
229,Shirt,Scullers,Women,Red,Stripped,S,A red shirt with a stripped design in size S.
230,Shirt,Scullers,Men,Red,Stripped,M,A red shirt with a stripped design in size M.
231,Sweatshirt,Wrangler ,Kids,Red,Stripped,S,A red sweatshirt with a stripped design in size S.
232,Sweatshirt,Benetton,Men,White,Printed,XL,A white sweatshirt with a printed design in size XL.
233,Sweatshirt,Wrangler ,Kids,Blue,Stripped,S,A blue sweatshirt with a stripped design in size S.
234,Sweatshirt,Highlander ,Men,Blue,Stripped,M,A blue sweatshirt with a stripped design in size M.
235,Sweatshirt,Lee ,Women,Red,Checked,S,A red sweatshirt with a checked design in size S.
236,Shirt,Flying Machine,Women,White,Printed,L,A white shirt with a printed design in size L.
237,T-Shirt,Benetton,Women,Red,Stripped,S,A red t-shirt with a stripped design in size S.
238,Sweatshirt,Wrangler ,Kids,Green,Checked,XXL,A green sweatshirt with a checked design in size XXL.
239,Shirt,Flying Machine,Women,Green,Printed,XL,A green shirt with a printed design in size XL.
240,T-Shirt,Lee ,Women,Red,Checked,XXL,A red t-shirt with a checked design in size XXL.
241,Shirt,Myntra,Men,White,Stripped,XXL,A white shirt with a stripped design in size XXL.
242,T-Shirt,Lee ,Men,Black,Checked,M,A black t-shirt with a checked design in size M.
243,Sweatshirt,Scullers,Women,Black,Checked,S,A black sweatshirt with a checked design in size S.
244,Sweatshirt,Scullers,Kids,Blue,Checked,XL,A blue sweatshirt with a checked design in size XL.
245,T-Shirt,Lee ,Men,Green,Printed,XXL,A green t-shirt with a printed design in size XXL.
246,Shirt,Flying Machine,Kids,Black,Checked,M,A black shirt with a checked design in size M.
247,T-Shirt,Puma,Men,White,Checked,L,A white t-shirt with a checked design in size L.
248,T-Shirt,Scullers,Men,Blue,Stripped,M,A blue t-shirt with a stripped design in size M.
249,T-Shirt,Lee ,Women,Green,Printed,M,A green t-shirt with a printed design in size M.
250,Sweatshirt,Benetton,Men,Green,Checked,M,A green sweatshirt with a checked design in size M.
251,T-Shirt,Wrangler ,Kids,Black,Checked,XL,A black t-shirt with a checked design in size XL.
252,Sweatshirt,Puma,Kids,Black,Printed,L,A black sweatshirt with a printed design in size L.
253,Shirt,Puma,Men,Blue,Checked,S,A blue shirt with a checked design in size S.
254,Shirt,Highlander ,Women,White,Checked,XL,A white shirt with a checked design in size XL.
255,T-Shirt,Myntra,Men,Red,Stripped,M,A red t-shirt with a stripped design in size M.
256,Sweatshirt,Puma,Kids,Black,Stripped,XXL,A black sweatshirt with a stripped design in size XXL.
257,Shirt,Flying Machine,Men,Red,Checked,XL,A red shirt with a checked design in size XL.
258,Shirt,Lee ,Women,White,Printed,XL,A white shirt with a printed design in size XL.
259,Shirt,Highlander ,Women,Red,Printed,S,A red shirt with a printed design in size S.
260,Sweatshirt,Flying Machine,Kids,Red,Stripped,XXL,A red sweatshirt with a stripped design in size XXL.
261,Shirt,Scullers,Kids,Red,Stripped,L,A red shirt with a stripped design in size L.
262,T-Shirt,Benetton,Women,Green,Stripped,XL,A green t-shirt with a stripped design in size XL.
263,Sweatshirt,Myntra,Men,Black,Stripped,XXL,A black sweatshirt with a stripped design in size XXL.
264,Sweatshirt,Lee ,Women,White,Checked,M,A white sweatshirt with a checked design in size M.
265,Sweatshirt,Scullers,Men,White,Printed,L,A white sweatshirt with a printed design in size L.
266,Shirt,Benetton,Men,Black,Stripped,XL,A black shirt with a stripped design in size XL.
267,T-Shirt,Lee ,Kids,Black,Stripped,L,A black t-shirt with a stripped design in size L.
268,Shirt,Lee ,Kids,Blue,Checked,L,A blue shirt with a checked design in size L.
269,Shirt,Puma,Men,White,Stripped,XXL,A white shirt with a stripped design in size XXL.
270,T-Shirt,Scullers,Women,Green,Printed,XL,A green t-shirt with a printed design in size XL.
271,Shirt,Myntra,Women,Blue,Checked,L,A blue shirt with a checked design in size L.
272,Sweatshirt,Flying Machine,Kids,Green,Printed,XL,A green sweatshirt with a printed design in size XL.
273,Shirt,Highlander ,Kids,White,Stripped,XXL,A white shirt with a stripped design in size XXL.
274,T-Shirt,Lee ,Men,Black,Printed,L,A black t-shirt with a printed design in size L.
275,T-Shirt,Lee ,Kids,Red,Stripped,XL,A red t-shirt with a stripped design in size XL.
276,T-Shirt,Wrangler ,Women,Green,Printed,L,A green t-shirt with a printed design in size L.
277,T-Shirt,Wrangler ,Kids,Green,Printed,XL,A green t-shirt with a printed design in size XL.
278,Shirt,Lee ,Women,Red,Printed,XL,A red shirt with a printed design in size XL.
279,Shirt,Lee ,Women,Black,Stripped,L,A black shirt with a stripped design in size L.
280,T-Shirt,Flying Machine,Kids,Red,Checked,XXL,A red t-shirt with a checked design in size XXL.
281,Sweatshirt,Lee ,Women,Black,Checked,XL,A black sweatshirt with a checked design in size XL.
282,Shirt,Myntra,Kids,White,Checked,XL,A white shirt with a checked design in size XL.
283,T-Shirt,Wrangler ,Women,Black,Printed,M,A black t-shirt with a printed design in size M.
284,Sweatshirt,Flying Machine,Men,Black,Printed,L,A black sweatshirt with a printed design in size L.
285,T-Shirt,Myntra,Women,Red,Stripped,M,A red t-shirt with a stripped design in size M.
286,T-Shirt,Benetton,Men,Green,Checked,XXL,A green t-shirt with a checked design in size XXL.
287,Sweatshirt,Highlander ,Women,White,Stripped,XL,A white sweatshirt with a stripped design in size XL.
288,T-Shirt,Highlander ,Men,Black,Printed,XXL,A black t-shirt with a printed design in size XXL.
289,T-Shirt,Wrangler ,Women,White,Printed,S,A white t-shirt with a printed design in size S.
290,Sweatshirt,Lee ,Women,White,Checked,XL,A white sweatshirt with a checked design in size XL.
291,T-Shirt,Scullers,Kids,Blue,Checked,XL,A blue t-shirt with a checked design in size XL.
292,Shirt,Benetton,Women,Black,Printed,M,A black shirt with a printed design in size M.
293,Shirt,Highlander ,Women,White,Printed,S,A white shirt with a printed design in size S.
294,Shirt,Scullers,Men,Green,Stripped,XXL,A green shirt with a stripped design in size XXL.
295,Sweatshirt,Highlander ,Kids,Blue,Checked,M,A blue sweatshirt with a checked design in size M.
296,Sweatshirt,Myntra,Women,Green,Stripped,L,A green sweatshirt with a stripped design in size L.
297,T-Shirt,Myntra,Men,Green,Stripped,XXL,A green t-shirt with a stripped design in size XXL.
298,T-Shirt,Wrangler ,Women,White,Checked,M,A white t-shirt with a checked design in size M.
299,Sweatshirt,Puma,Men,White,Checked,M,A white sweatshirt with a checked design in size M.
300,Shirt,Flying Machine,Kids,White,Stripped,M,A white shirt with a stripped design in size M.
301,Sweatshirt,Lee ,Men,Black,Stripped,XXL,A black sweatshirt with a stripped design in size XXL.
302,Sweatshirt,Flying Machine,Women,Green,Stripped,XL,A green sweatshirt with a stripped design in size XL.
303,Sweatshirt,Myntra,Men,Black,Checked,S,A black sweatshirt with a checked design in size S.
304,Shirt,Myntra,Women,White,Checked,L,A white shirt with a checked design in size L.
305,Shirt,Flying Machine,Men,Green,Checked,S,A green shirt with a checked design in size S.
306,T-Shirt,Scullers,Women,White,Stripped,XXL,A white t-shirt with a stripped design in size XXL.
307,Shirt,Highlander ,Women,White,Checked,XL,A white shirt with a checked design in size XL.
308,Shirt,Benetton,Men,Red,Printed,XL,A red shirt with a printed design in size XL.
309,Sweatshirt,Lee ,Men,Red,Stripped,S,A red sweatshirt with a stripped design in size S.
310,Sweatshirt,Benetton,Kids,Red,Checked,M,A red sweatshirt with a checked design in size M.
311,T-Shirt,Flying Machine,Kids,Black,Stripped,XL,A black t-shirt with a stripped design in size XL.
312,Sweatshirt,Lee ,Men,Green,Printed,S,A green sweatshirt with a printed design in size S.
313,T-Shirt,Highlander ,Women,Green,Checked,S,A green t-shirt with a checked design in size S.
314,T-Shirt,Scullers,Women,Green,Stripped,L,A green t-shirt with a stripped design in size L.
315,T-Shirt,Highlander ,Kids,Black,Printed,S,A black t-shirt with a printed design in size S.
316,Sweatshirt,Scullers,Women,Blue,Stripped,S,A blue sweatshirt with a stripped design in size S.
317,Shirt,Scullers,Men,Blue,Stripped,L,A blue shirt with a stripped design in size L.
318,Shirt,Puma,Men,Green,Stripped,XL,A green shirt with a stripped design in size XL.
319,T-Shirt,Myntra,Kids,Red,Stripped,XXL,A red t-shirt with a stripped design in size XXL.
320,Sweatshirt,Scullers,Kids,Blue,Stripped,S,A blue sweatshirt with a stripped design in size S.
321,Sweatshirt,Puma,Men,Blue,Checked,M,A blue sweatshirt with a checked design in size M.
322,Sweatshirt,Wrangler ,Women,Blue,Stripped,L,A blue sweatshirt with a stripped design in size L.
323,T-Shirt,Flying Machine,Men,Blue,Stripped,S,A blue t-shirt with a stripped design in size S.
324,Sweatshirt,Myntra,Men,Red,Printed,XXL,A red sweatshirt with a printed design in size XXL.
325,T-Shirt,Highlander ,Kids,Red,Printed,XXL,A red t-shirt with a printed design in size XXL.
326,Sweatshirt,Scullers,Women,Black,Checked,M,A black sweatshirt with a checked design in size M.
327,Shirt,Benetton,Kids,Green,Printed,S,A green shirt with a printed design in size S.
328,Sweatshirt,Puma,Women,Blue,Printed,XXL,A blue sweatshirt with a printed design in size XXL.
329,T-Shirt,Scullers,Women,Green,Printed,L,A green t-shirt with a printed design in size L.
330,T-Shirt,Myntra,Women,White,Printed,S,A white t-shirt with a printed design in size S.
331,T-Shirt,Benetton,Men,Red,Printed,XL,A red t-shirt with a printed design in size XL.
332,Sweatshirt,Highlander ,Men,Blue,Printed,L,A blue sweatshirt with a printed design in size L.
333,Shirt,Puma,Kids,White,Stripped,M,A white shirt with a stripped design in size M.
334,T-Shirt,Wrangler ,Men,Black,Stripped,S,A black t-shirt with a stripped design in size S.
335,T-Shirt,Myntra,Women,White,Stripped,XXL,A white t-shirt with a stripped design in size XXL.
336,T-Shirt,Puma,Men,White,Printed,L,A white t-shirt with a printed design in size L.
337,Shirt,Benetton,Kids,Green,Stripped,L,A green shirt with a stripped design in size L.
338,T-Shirt,Puma,Women,Black,Stripped,M,A black t-shirt with a stripped design in size M.
339,T-Shirt,Lee ,Men,Blue,Printed,S,A blue t-shirt with a printed design in size S.
340,Sweatshirt,Benetton,Women,Green,Checked,XL,A green sweatshirt with a checked design in size XL.
341,Sweatshirt,Lee ,Kids,Blue,Printed,XXL,A blue sweatshirt with a printed design in size XXL.
342,T-Shirt,Scullers,Men,Black,Stripped,L,A black t-shirt with a stripped design in size L.
343,Shirt,Highlander ,Women,Red,Printed,M,A red shirt with a printed design in size M.
344,T-Shirt,Flying Machine,Kids,Green,Checked,L,A green t-shirt with a checked design in size L.
345,Sweatshirt,Wrangler ,Women,Green,Stripped,L,A green sweatshirt with a stripped design in size L.
346,Shirt,Flying Machine,Men,Red,Stripped,S,A red shirt with a stripped design in size S.
347,Shirt,Highlander ,Kids,Black,Stripped,M,A black shirt with a stripped design in size M.
348,T-Shirt,Puma,Women,Blue,Checked,S,A blue t-shirt with a checked design in size S.
349,Shirt,Wrangler ,Kids,Black,Printed,XXL,A black shirt with a printed design in size XXL.
350,Shirt,Puma,Women,Green,Stripped,S,A green shirt with a stripped design in size S.
351,T-Shirt,Highlander ,Kids,Black,Stripped,M,A black t-shirt with a stripped design in size M.
352,T-Shirt,Flying Machine,Women,Green,Checked,S,A green t-shirt with a checked design in size S.
353,Sweatshirt,Highlander ,Kids,White,Printed,XXL,A white sweatshirt with a printed design in size XXL.
354,Shirt,Myntra,Men,Green,Checked,XXL,A green shirt with a checked design in size XXL.
355,T-Shirt,Wrangler ,Women,Green,Checked,XXL,A green t-shirt with a checked design in size XXL.
356,Sweatshirt,Wrangler ,Men,Black,Printed,S,A black sweatshirt with a printed design in size S.
357,Shirt,Benetton,Women,White,Stripped,M,A white shirt with a stripped design in size M.
358,T-Shirt,Flying Machine,Women,Green,Stripped,L,A green t-shirt with a stripped design in size L.
359,Sweatshirt,Flying Machine,Kids,Blue,Printed,L,A blue sweatshirt with a printed design in size L.
360,Sweatshirt,Wrangler ,Kids,Red,Stripped,XXL,A red sweatshirt with a stripped design in size XXL.
361,Shirt,Wrangler ,Women,Green,Checked,XL,A green shirt with a checked design in size XL.
362,Shirt,Puma,Kids,Red,Printed,S,A red shirt with a printed design in size S.
363,Shirt,Lee ,Men,Blue,Checked,M,A blue shirt with a checked design in size M.
364,T-Shirt,Lee ,Kids,Black,Printed,L,A black t-shirt with a printed design in size L.
365,Sweatshirt,Scullers,Men,Red,Printed,XXL,A red sweatshirt with a printed design in size XXL.
366,Shirt,Myntra,Kids,White,Printed,XXL,A white shirt with a printed design in size XXL.
367,Sweatshirt,Benetton,Men,Red,Stripped,XXL,A red sweatshirt with a stripped design in size XXL.
368,Sweatshirt,Puma,Kids,Black,Checked,XL,A black sweatshirt with a checked design in size XL.
369,T-Shirt,Lee ,Kids,Red,Checked,XL,A red t-shirt with a checked design in size XL.
370,T-Shirt,Puma,Men,Red,Printed,XXL,A red t-shirt with a printed design in size XXL.
371,Shirt,Flying Machine,Kids,Red,Printed,L,A red shirt with a printed design in size L.
372,Shirt,Benetton,Kids,Blue,Checked,S,A blue shirt with a checked design in size S.
373,Sweatshirt,Wrangler ,Women,Blue,Checked,XL,A blue sweatshirt with a checked design in size XL.
374,T-Shirt,Myntra,Women,Black,Checked,XL,A black t-shirt with a checked design in size XL.
375,Shirt,Wrangler ,Men,Green,Printed,XL,A green shirt with a printed design in size XL.
376,Shirt,Puma,Kids,Green,Printed,L,A green shirt with a printed design in size L.
377,Shirt,Benetton,Men,Blue,Printed,L,A blue shirt with a printed design in size L.
378,Sweatshirt,Scullers,Kids,Red,Checked,L,A red sweatshirt with a checked design in size L.
379,T-Shirt,Myntra,Men,Blue,Checked,XL,A blue t-shirt with a checked design in size XL.
380,Shirt,Benetton,Women,Black,Checked,S,A black shirt with a checked design in size S.
381,T-Shirt,Highlander ,Men,Red,Printed,L,A red t-shirt with a printed design in size L.
382,Sweatshirt,Benetton,Men,Black,Printed,XXL,A black sweatshirt with a printed design in size XXL.
383,Sweatshirt,Wrangler ,Women,Green,Printed,L,A green sweatshirt with a printed design in size L.
384,Shirt,Highlander ,Kids,Blue,Checked,XXL,A blue shirt with a checked design in size XXL.
385,T-Shirt,Scullers,Men,Red,Printed,S,A red t-shirt with a printed design in size S.
386,Shirt,Lee ,Men,Blue,Printed,M,A blue shirt with a printed design in size M.
387,Shirt,Highlander ,Women,Black,Checked,XL,A black shirt with a checked design in size XL.
388,Sweatshirt,Lee ,Women,Blue,Stripped,XL,A blue sweatshirt with a stripped design in size XL.
389,Shirt,Highlander ,Women,Blue,Checked,XXL,A blue shirt with a checked design in size XXL.
390,Sweatshirt,Puma,Kids,Red,Checked,L,A red sweatshirt with a checked design in size L.
391,Sweatshirt,Puma,Kids,Blue,Stripped,XXL,A blue sweatshirt with a stripped design in size XXL.
392,Sweatshirt,Wrangler ,Women,Black,Printed,XL,A black sweatshirt with a printed design in size XL.
393,T-Shirt,Puma,Men,Red,Checked,S,A red t-shirt with a checked design in size S.
394,T-Shirt,Scullers,Women,Blue,Stripped,XL,A blue t-shirt with a stripped design in size XL.
395,Shirt,Puma,Women,Green,Printed,M,A green shirt with a printed design in size M.
396,Sweatshirt,Lee ,Men,Red,Printed,M,A red sweatshirt with a printed design in size M.
397,Sweatshirt,Myntra,Kids,Green,Checked,M,A green sweatshirt with a checked design in size M.
398,T-Shirt,Benetton,Kids,Black,Stripped,L,A black t-shirt with a stripped design in size L.
399,Sweatshirt,Lee ,Women,Red,Checked,L,A red sweatshirt with a checked design in size L.
400,T-Shirt,Myntra,Men,Black,Stripped,XXL,A black t-shirt with a stripped design in size XXL.
401,T-Shirt,Flying Machine,Men,Black,Stripped,XXL,A black t-shirt with a stripped design in size XXL.
402,Shirt,Lee ,Women,Green,Checked,XXL,A green shirt with a checked design in size XXL.
403,Shirt,Lee ,Men,Red,Checked,XL,A red shirt with a checked design in size XL.
404,Sweatshirt,Flying Machine,Kids,White,Printed,L,A white sweatshirt with a printed design in size L.
405,Sweatshirt,Scullers,Women,Green,Printed,M,A green sweatshirt with a printed design in size M.
406,Shirt,Myntra,Women,Black,Stripped,XXL,A black shirt with a stripped design in size XXL.
407,T-Shirt,Highlander ,Men,Green,Stripped,S,A green t-shirt with a stripped design in size S.
408,T-Shirt,Benetton,Men,Green,Printed,M,A green t-shirt with a printed design in size M.
409,Sweatshirt,Wrangler ,Men,Green,Printed,XXL,A green sweatshirt with a printed design in size XXL.
410,Shirt,Scullers,Women,Red,Checked,M,A red shirt with a checked design in size M.
411,Sweatshirt,Puma,Women,Blue,Stripped,M,A blue sweatshirt with a stripped design in size M.
412,T-Shirt,Scullers,Women,Red,Checked,XXL,A red t-shirt with a checked design in size XXL.
413,Shirt,Puma,Men,Red,Checked,S,A red shirt with a checked design in size S.
414,Sweatshirt,Benetton,Kids,Red,Checked,XXL,A red sweatshirt with a checked design in size XXL.
415,T-Shirt,Myntra,Women,White,Printed,L,A white t-shirt with a printed design in size L.
416,T-Shirt,Lee ,Kids,Black,Stripped,L,A black t-shirt with a stripped design in size L.
417,Shirt,Myntra,Men,Blue,Checked,M,A blue shirt with a checked design in size M.
418,T-Shirt,Lee ,Women,Red,Stripped,XL,A red t-shirt with a stripped design in size XL.
419,T-Shirt,Lee ,Kids,White,Stripped,M,A white t-shirt with a stripped design in size M.
420,Shirt,Benetton,Men,Black,Printed,L,A black shirt with a printed design in size L.
421,T-Shirt,Flying Machine,Kids,Green,Printed,XXL,A green t-shirt with a printed design in size XXL.
422,T-Shirt,Benetton,Kids,Green,Checked,XL,A green t-shirt with a checked design in size XL.
423,Sweatshirt,Puma,Men,Red,Printed,L,A red sweatshirt with a printed design in size L.
424,Shirt,Flying Machine,Women,Blue,Printed,M,A blue shirt with a printed design in size M.
425,T-Shirt,Puma,Kids,Black,Checked,XXL,A black t-shirt with a checked design in size XXL.
426,Shirt,Highlander ,Kids,White,Printed,L,A white shirt with a printed design in size L.
427,Shirt,Highlander ,Men,Green,Printed,XL,A green shirt with a printed design in size XL.
428,T-Shirt,Puma,Men,Blue,Printed,L,A blue t-shirt with a printed design in size L.
429,T-Shirt,Wrangler ,Kids,Black,Printed,S,A black t-shirt with a printed design in size S.
430,Sweatshirt,Benetton,Women,Black,Checked,M,A black sweatshirt with a checked design in size M.
431,T-Shirt,Wrangler ,Kids,Black,Printed,M,A black t-shirt with a printed design in size M.
432,Shirt,Myntra,Men,Black,Printed,M,A black shirt with a printed design in size M.
433,Sweatshirt,Flying Machine,Kids,Black,Printed,XL,A black sweatshirt with a printed design in size XL.
434,Sweatshirt,Wrangler ,Men,White,Checked,XL,A white sweatshirt with a checked design in size XL.
435,Sweatshirt,Lee ,Men,Blue,Stripped,S,A blue sweatshirt with a stripped design in size S.
436,Shirt,Wrangler ,Kids,Blue,Checked,S,A blue shirt with a checked design in size S.
437,Shirt,Scullers,Women,Green,Checked,M,A green shirt with a checked design in size M.
438,Shirt,Scullers,Men,Green,Printed,XXL,A green shirt with a printed design in size XXL.
439,T-Shirt,Scullers,Kids,Blue,Printed,L,A blue t-shirt with a printed design in size L.
440,Shirt,Highlander ,Kids,White,Printed,L,A white shirt with a printed design in size L.
441,T-Shirt,Lee ,Women,Black,Printed,L,A black t-shirt with a printed design in size L.
442,T-Shirt,Scullers,Men,White,Checked,S,A white t-shirt with a checked design in size S.
443,T-Shirt,Puma,Women,Blue,Checked,M,A blue t-shirt with a checked design in size M.
444,Sweatshirt,Highlander ,Women,Green,Printed,S,A green sweatshirt with a printed design in size S.
445,T-Shirt,Scullers,Women,Red,Printed,XL,A red t-shirt with a printed design in size XL.
446,Sweatshirt,Flying Machine,Men,Red,Printed,XL,A red sweatshirt with a printed design in size XL.
447,Shirt,Benetton,Women,Green,Stripped,L,A green shirt with a stripped design in size L.
448,Sweatshirt,Benetton,Women,Green,Checked,XXL,A green sweatshirt with a checked design in size XXL.
449,Shirt,Benetton,Women,Red,Printed,XL,A red shirt with a printed design in size XL.
450,Shirt,Myntra,Women,Blue,Stripped,XXL,A blue shirt with a stripped design in size XXL.
451,T-Shirt,Puma,Men,Green,Printed,XXL,A green t-shirt with a printed design in size XXL.
452,Shirt,Benetton,Women,Blue,Printed,L,A blue shirt with a printed design in size L.
453,Sweatshirt,Myntra,Men,Green,Stripped,XL,A green sweatshirt with a stripped design in size XL.
454,T-Shirt,Myntra,Kids,Green,Printed,S,A green t-shirt with a printed design in size S.
455,T-Shirt,Wrangler ,Kids,Green,Printed,S,A green t-shirt with a printed design in size S.
456,Sweatshirt,Lee ,Kids,Black,Stripped,S,A black sweatshirt with a stripped design in size S.
457,Shirt,Flying Machine,Men,Green,Printed,XL,A green shirt with a printed design in size XL.
458,Sweatshirt,Benetton,Men,White,Printed,M,A white sweatshirt with a printed design in size M.
459,Sweatshirt,Scullers,Kids,White,Checked,M,A white sweatshirt with a checked design in size M.
460,T-Shirt,Wrangler ,Women,Green,Checked,S,A green t-shirt with a checked design in size S.
461,T-Shirt,Puma,Men,Red,Printed,XL,A red t-shirt with a printed design in size XL.
462,Sweatshirt,Scullers,Men,White,Printed,XL,A white sweatshirt with a printed design in size XL.
463,T-Shirt,Scullers,Kids,Green,Stripped,S,A green t-shirt with a stripped design in size S.
464,T-Shirt,Puma,Women,White,Checked,XXL,A white t-shirt with a checked design in size XXL.
465,Shirt,Lee ,Women,Red,Stripped,XL,A red shirt with a stripped design in size XL.
466,Sweatshirt,Benetton,Women,White,Stripped,M,A white sweatshirt with a stripped design in size M.
467,Sweatshirt,Puma,Kids,Green,Checked,M,A green sweatshirt with a checked design in size M.
468,Sweatshirt,Myntra,Men,Blue,Printed,L,A blue sweatshirt with a printed design in size L.
469,Shirt,Highlander ,Men,Green,Printed,XXL,A green shirt with a printed design in size XXL.
470,Sweatshirt,Scullers,Men,Red,Checked,M,A red sweatshirt with a checked design in size M.
471,Sweatshirt,Highlander ,Women,Blue,Printed,S,A blue sweatshirt with a printed design in size S.
472,Sweatshirt,Highlander ,Women,White,Checked,L,A white sweatshirt with a checked design in size L.
473,Shirt,Lee ,Men,Black,Printed,M,A black shirt with a printed design in size M.
474,Sweatshirt,Benetton,Men,White,Stripped,XXL,A white sweatshirt with a stripped design in size XXL.
475,Sweatshirt,Myntra,Women,Red,Stripped,M,A red sweatshirt with a stripped design in size M.
476,T-Shirt,Wrangler ,Kids,Blue,Printed,XXL,A blue t-shirt with a printed design in size XXL.
477,T-Shirt,Flying Machine,Women,Blue,Stripped,XL,A blue t-shirt with a stripped design in size XL.
478,Shirt,Wrangler ,Women,Green,Stripped,S,A green shirt with a stripped design in size S.
479,T-Shirt,Lee ,Women,Green,Checked,XXL,A green t-shirt with a checked design in size XXL.
480,Sweatshirt,Benetton,Men,Green,Stripped,M,A green sweatshirt with a stripped design in size M.
481,T-Shirt,Benetton,Men,Blue,Stripped,L,A blue t-shirt with a stripped design in size L.
482,Sweatshirt,Flying Machine,Men,Red,Stripped,S,A red sweatshirt with a stripped design in size S.
483,Shirt,Myntra,Men,Black,Printed,L,A black shirt with a printed design in size L.
484,Shirt,Myntra,Kids,White,Stripped,XXL,A white shirt with a stripped design in size XXL.
485,Sweatshirt,Benetton,Men,Blue,Stripped,XL,A blue sweatshirt with a stripped design in size XL.
486,T-Shirt,Scullers,Men,Green,Stripped,L,A green t-shirt with a stripped design in size L.
487,Shirt,Benetton,Kids,Green,Checked,XL,A green shirt with a checked design in size XL.
488,Sweatshirt,Lee ,Kids,Blue,Checked,XL,A blue sweatshirt with a checked design in size XL.
489,T-Shirt,Benetton,Women,Black,Printed,S,A black t-shirt with a printed design in size S.
490,T-Shirt,Flying Machine,Kids,Red,Printed,XL,A red t-shirt with a printed design in size XL.
491,Sweatshirt,Myntra,Men,Black,Printed,S,A black sweatshirt with a printed design in size S.
492,Sweatshirt,Myntra,Kids,Black,Checked,S,A black sweatshirt with a checked design in size S.
493,Shirt,Wrangler ,Women,Red,Printed,XL,A red shirt with a printed design in size XL.
494,Sweatshirt,Wrangler ,Men,White,Stripped,L,A white sweatshirt with a stripped design in size L.
495,T-Shirt,Flying Machine,Women,White,Checked,XL,A white t-shirt with a checked design in size XL.
496,Sweatshirt,Benetton,Kids,White,Stripped,M,A white sweatshirt with a stripped design in size M.
497,Sweatshirt,Flying Machine,Men,Blue,Printed,XL,A blue sweatshirt with a printed design in size XL.
498,Shirt,Wrangler ,Men,Black,Printed,XXL,A black shirt with a printed design in size XXL.
499,Sweatshirt,Scullers,Men,Green,Printed,M,A green sweatshirt with a printed design in size M.
500,Shirt,Flying Machine,Men,White,Stripped,XXL,A white shirt with a stripped design in size XXL.
501,Shirt,Myntra,Men,Blue,Checked,XXL,A blue shirt with a checked design in size XXL.
502,Sweatshirt,Highlander ,Men,White,Checked,M,A white sweatshirt with a checked design in size M.
503,Shirt,Lee ,Men,Red,Printed,L,A red shirt with a printed design in size L.
504,T-Shirt,Highlander ,Women,Black,Stripped,S,A black t-shirt with a stripped design in size S.
505,Sweatshirt,Puma,Women,Blue,Checked,M,A blue sweatshirt with a checked design in size M.
506,Sweatshirt,Puma,Kids,Red,Stripped,L,A red sweatshirt with a stripped design in size L.
507,Shirt,Puma,Men,Blue,Checked,M,A blue shirt with a checked design in size M.
508,Shirt,Puma,Kids,Red,Printed,XL,A red shirt with a printed design in size XL.
509,Shirt,Myntra,Kids,Red,Printed,L,A red shirt with a printed design in size L.
510,T-Shirt,Scullers,Men,Green,Stripped,XL,A green t-shirt with a stripped design in size XL.
511,T-Shirt,Puma,Kids,Red,Checked,S,A red t-shirt with a checked design in size S.
512,T-Shirt,Puma,Men,White,Stripped,XL,A white t-shirt with a stripped design in size XL.
513,Sweatshirt,Puma,Men,White,Stripped,XL,A white sweatshirt with a stripped design in size XL.
514,T-Shirt,Benetton,Kids,Black,Checked,S,A black t-shirt with a checked design in size S.
515,Shirt,Flying Machine,Kids,Blue,Stripped,S,A blue shirt with a stripped design in size S.
516,T-Shirt,Benetton,Women,Green,Checked,M,A green t-shirt with a checked design in size M.
517,Shirt,Puma,Kids,Red,Printed,S,A red shirt with a printed design in size S.
518,Sweatshirt,Highlander ,Kids,Green,Checked,XL,A green sweatshirt with a checked design in size XL.
519,Sweatshirt,Scullers,Men,Green,Stripped,M,A green sweatshirt with a stripped design in size M.
520,T-Shirt,Puma,Men,Green,Stripped,M,A green t-shirt with a stripped design in size M.
521,Sweatshirt,Flying Machine,Men,Blue,Stripped,S,A blue sweatshirt with a stripped design in size S.
522,Sweatshirt,Scullers,Women,Black,Stripped,M,A black sweatshirt with a stripped design in size M.
523,Shirt,Lee ,Women,White,Stripped,M,A white shirt with a stripped design in size M.
524,Sweatshirt,Scullers,Women,Red,Printed,XXL,A red sweatshirt with a printed design in size XXL.
525,T-Shirt,Puma,Men,Black,Checked,XXL,A black t-shirt with a checked design in size XXL.
526,Shirt,Scullers,Kids,Red,Stripped,L,A red shirt with a stripped design in size L.
527,Sweatshirt,Myntra,Women,Red,Printed,XL,A red sweatshirt with a printed design in size XL.
528,Sweatshirt,Benetton,Women,Red,Stripped,S,A red sweatshirt with a stripped design in size S.
529,Shirt,Lee ,Men,White,Printed,XXL,A white shirt with a printed design in size XXL.
530,T-Shirt,Scullers,Men,White,Printed,M,A white t-shirt with a printed design in size M.
531,Sweatshirt,Myntra,Women,Black,Checked,L,A black sweatshirt with a checked design in size L.
532,Sweatshirt,Myntra,Kids,Black,Printed,M,A black sweatshirt with a printed design in size M.
533,Sweatshirt,Highlander ,Kids,Black,Printed,XL,A black sweatshirt with a printed design in size XL.
534,T-Shirt,Wrangler ,Men,Green,Stripped,XL,A green t-shirt with a stripped design in size XL.
535,Sweatshirt,Flying Machine,Kids,White,Printed,L,A white sweatshirt with a printed design in size L.
536,Sweatshirt,Wrangler ,Kids,White,Stripped,L,A white sweatshirt with a stripped design in size L.
537,Sweatshirt,Benetton,Women,Black,Checked,XXL,A black sweatshirt with a checked design in size XXL.
538,Shirt,Flying Machine,Men,Red,Printed,XL,A red shirt with a printed design in size XL.
539,Sweatshirt,Wrangler ,Women,Green,Stripped,XL,A green sweatshirt with a stripped design in size XL.
540,Sweatshirt,Benetton,Women,Black,Stripped,L,A black sweatshirt with a stripped design in size L.
541,T-Shirt,Myntra,Women,White,Checked,XXL,A white t-shirt with a checked design in size XXL.
542,T-Shirt,Wrangler ,Men,Green,Checked,XL,A green t-shirt with a checked design in size XL.
543,Shirt,Wrangler ,Men,Black,Stripped,L,A black shirt with a stripped design in size L.
544,T-Shirt,Scullers,Women,White,Stripped,XXL,A white t-shirt with a stripped design in size XXL.
545,T-Shirt,Flying Machine,Kids,Red,Checked,M,A red t-shirt with a checked design in size M.
546,T-Shirt,Flying Machine,Women,White,Stripped,L,A white t-shirt with a stripped design in size L.
547,T-Shirt,Wrangler ,Kids,Red,Printed,S,A red t-shirt with a printed design in size S.
548,T-Shirt,Myntra,Kids,Red,Printed,M,A red t-shirt with a printed design in size M.
549,Shirt,Lee ,Women,Blue,Checked,L,A blue shirt with a checked design in size L.
550,T-Shirt,Puma,Kids,Red,Checked,M,A red t-shirt with a checked design in size M.
551,Shirt,Flying Machine,Women,Red,Stripped,L,A red shirt with a stripped design in size L.
552,T-Shirt,Myntra,Women,White,Checked,L,A white t-shirt with a checked design in size L.
553,Shirt,Myntra,Women,Green,Stripped,S,A green shirt with a stripped design in size S.
554,Shirt,Benetton,Kids,Black,Checked,L,A black shirt with a checked design in size L.
555,T-Shirt,Benetton,Kids,Red,Printed,XXL,A red t-shirt with a printed design in size XXL.
556,Sweatshirt,Benetton,Kids,Blue,Stripped,L,A blue sweatshirt with a stripped design in size L.
557,Shirt,Puma,Men,White,Checked,XXL,A white shirt with a checked design in size XXL.
558,T-Shirt,Myntra,Women,White,Stripped,L,A white t-shirt with a stripped design in size L.
559,Shirt,Puma,Men,Green,Stripped,M,A green shirt with a stripped design in size M.
560,Sweatshirt,Wrangler ,Kids,Blue,Stripped,M,A blue sweatshirt with a stripped design in size M.
561,T-Shirt,Puma,Women,Green,Stripped,M,A green t-shirt with a stripped design in size M.
562,Sweatshirt,Benetton,Men,White,Printed,S,A white sweatshirt with a printed design in size S.
563,Shirt,Puma,Kids,Blue,Checked,S,A blue shirt with a checked design in size S.
564,Shirt,Benetton,Men,White,Checked,XL,A white shirt with a checked design in size XL.
565,T-Shirt,Myntra,Kids,Blue,Checked,XXL,A blue t-shirt with a checked design in size XXL.
566,T-Shirt,Flying Machine,Men,Blue,Stripped,S,A blue t-shirt with a stripped design in size S.
567,T-Shirt,Benetton,Women,White,Printed,L,A white t-shirt with a printed design in size L.
568,Sweatshirt,Scullers,Women,White,Stripped,L,A white sweatshirt with a stripped design in size L.
569,Shirt,Myntra,Men,Green,Stripped,XXL,A green shirt with a stripped design in size XXL.
570,Shirt,Highlander ,Kids,Red,Stripped,L,A red shirt with a stripped design in size L.
571,Sweatshirt,Highlander ,Women,White,Checked,S,A white sweatshirt with a checked design in size S.
572,Sweatshirt,Scullers,Men,White,Printed,S,A white sweatshirt with a printed design in size S.
573,Shirt,Highlander ,Women,Black,Stripped,XXL,A black shirt with a stripped design in size XXL.
574,Shirt,Benetton,Men,Blue,Checked,M,A blue shirt with a checked design in size M.
575,T-Shirt,Flying Machine,Kids,Red,Stripped,S,A red t-shirt with a stripped design in size S.
576,Sweatshirt,Lee ,Women,Red,Stripped,XL,A red sweatshirt with a stripped design in size XL.
577,T-Shirt,Myntra,Men,Blue,Printed,S,A blue t-shirt with a printed design in size S.
578,Sweatshirt,Benetton,Kids,Black,Stripped,M,A black sweatshirt with a stripped design in size M.
579,Shirt,Lee ,Men,Green,Stripped,XXL,A green shirt with a stripped design in size XXL.
580,Sweatshirt,Highlander ,Kids,White,Printed,XL,A white sweatshirt with a printed design in size XL.
581,T-Shirt,Myntra,Men,Red,Checked,L,A red t-shirt with a checked design in size L.
582,T-Shirt,Flying Machine,Men,Black,Stripped,M,A black t-shirt with a stripped design in size M.
583,T-Shirt,Puma,Men,Red,Checked,XXL,A red t-shirt with a checked design in size XXL.
584,Sweatshirt,Lee ,Women,White,Stripped,S,A white sweatshirt with a stripped design in size S.
585,Shirt,Flying Machine,Kids,Red,Checked,M,A red shirt with a checked design in size M.
586,T-Shirt,Wrangler ,Women,White,Printed,XXL,A white t-shirt with a printed design in size XXL.
587,Shirt,Flying Machine,Women,Green,Stripped,L,A green shirt with a stripped design in size L.
588,T-Shirt,Lee ,Kids,Red,Stripped,XL,A red t-shirt with a stripped design in size XL.
589,T-Shirt,Lee ,Men,White,Checked,L,A white t-shirt with a checked design in size L.
590,T-Shirt,Wrangler ,Kids,Blue,Checked,S,A blue t-shirt with a checked design in size S.
591,Shirt,Myntra,Women,Green,Checked,XXL,A green shirt with a checked design in size XXL.
592,Shirt,Benetton,Women,White,Printed,S,A white shirt with a printed design in size S.
593,Shirt,Lee ,Women,Blue,Stripped,M,A blue shirt with a stripped design in size M.
594,Sweatshirt,Highlander ,Men,Green,Stripped,S,A green sweatshirt with a stripped design in size S.
595,Sweatshirt,Lee ,Women,Red,Checked,L,A red sweatshirt with a checked design in size L.
596,Sweatshirt,Puma,Men,Blue,Stripped,M,A blue sweatshirt with a stripped design in size M.
597,Shirt,Benetton,Men,Green,Stripped,XXL,A green shirt with a stripped design in size XXL.
598,Sweatshirt,Wrangler ,Women,Green,Stripped,L,A green sweatshirt with a stripped design in size L.
599,Sweatshirt,Highlander ,Men,Blue,Checked,XXL,A blue sweatshirt with a checked design in size XXL.
600,Sweatshirt,Lee ,Kids,Red,Stripped,XXL,A red sweatshirt with a stripped design in size XXL.
601,Shirt,Myntra,Women,Green,Printed,S,A green shirt with a printed design in size S.
602,Sweatshirt,Puma,Kids,Blue,Checked,XXL,A blue sweatshirt with a checked design in size XXL.
603,Shirt,Myntra,Men,Red,Checked,XL,A red shirt with a checked design in size XL.
604,Shirt,Flying Machine,Men,Blue,Checked,XXL,A blue shirt with a checked design in size XXL.
605,T-Shirt,Flying Machine,Women,Red,Checked,XL,A red t-shirt with a checked design in size XL.
606,T-Shirt,Scullers,Kids,Red,Printed,XL,A red t-shirt with a printed design in size XL.
607,T-Shirt,Wrangler ,Men,Black,Printed,M,A black t-shirt with a printed design in size M.
608,Shirt,Flying Machine,Kids,Black,Checked,XXL,A black shirt with a checked design in size XXL.
609,T-Shirt,Highlander ,Men,Red,Printed,S,A red t-shirt with a printed design in size S.
610,Sweatshirt,Benetton,Men,White,Printed,XXL,A white sweatshirt with a printed design in size XXL.
611,Sweatshirt,Myntra,Men,Blue,Stripped,M,A blue sweatshirt with a stripped design in size M.
612,Sweatshirt,Highlander ,Kids,Green,Checked,XXL,A green sweatshirt with a checked design in size XXL.
613,Sweatshirt,Puma,Women,Green,Printed,L,A green sweatshirt with a printed design in size L.
614,Sweatshirt,Flying Machine,Kids,White,Printed,S,A white sweatshirt with a printed design in size S.
615,Sweatshirt,Scullers,Women,Red,Checked,XL,A red sweatshirt with a checked design in size XL.
616,Shirt,Lee ,Kids,Blue,Printed,XL,A blue shirt with a printed design in size XL.
617,Sweatshirt,Puma,Women,Red,Stripped,L,A red sweatshirt with a stripped design in size L.
618,T-Shirt,Wrangler ,Women,Green,Checked,L,A green t-shirt with a checked design in size L.
619,T-Shirt,Scullers,Kids,Black,Stripped,M,A black t-shirt with a stripped design in size M.
620,Sweatshirt,Puma,Kids,White,Checked,XXL,A white sweatshirt with a checked design in size XXL.
621,Sweatshirt,Myntra,Kids,Green,Printed,S,A green sweatshirt with a printed design in size S.
622,T-Shirt,Wrangler ,Kids,Blue,Stripped,XL,A blue t-shirt with a stripped design in size XL.
623,Shirt,Myntra,Men,Green,Printed,S,A green shirt with a printed design in size S.
624,Sweatshirt,Lee ,Men,Black,Stripped,XXL,A black sweatshirt with a stripped design in size XXL.
625,Sweatshirt,Highlander ,Men,Green,Printed,XXL,A green sweatshirt with a printed design in size XXL.
626,T-Shirt,Lee ,Men,Red,Printed,S,A red t-shirt with a printed design in size S.
627,T-Shirt,Lee ,Women,Green,Checked,S,A green t-shirt with a checked design in size S.
628,Shirt,Myntra,Men,Green,Stripped,XL,A green shirt with a stripped design in size XL.
629,Sweatshirt,Flying Machine,Men,Blue,Checked,XL,A blue sweatshirt with a checked design in size XL.
630,T-Shirt,Wrangler ,Kids,Red,Printed,XL,A red t-shirt with a printed design in size XL.
631,T-Shirt,Wrangler ,Women,Green,Stripped,S,A green t-shirt with a stripped design in size S.
632,T-Shirt,Wrangler ,Kids,Blue,Printed,XL,A blue t-shirt with a printed design in size XL.
633,T-Shirt,Wrangler ,Kids,White,Stripped,L,A white t-shirt with a stripped design in size L.
634,T-Shirt,Myntra,Women,Blue,Printed,XXL,A blue t-shirt with a printed design in size XXL.
635,T-Shirt,Benetton,Men,Green,Checked,S,A green t-shirt with a checked design in size S.
636,Shirt,Myntra,Men,White,Checked,L,A white shirt with a checked design in size L.
637,Shirt,Highlander ,Men,Blue,Checked,XXL,A blue shirt with a checked design in size XXL.
638,Sweatshirt,Flying Machine,Women,White,Stripped,L,A white sweatshirt with a stripped design in size L.
639,T-Shirt,Flying Machine,Men,Green,Printed,L,A green t-shirt with a printed design in size L.
640,Sweatshirt,Highlander ,Kids,Black,Stripped,S,A black sweatshirt with a stripped design in size S.
641,T-Shirt,Benetton,Kids,Green,Stripped,L,A green t-shirt with a stripped design in size L.
642,T-Shirt,Lee ,Women,Blue,Printed,M,A blue t-shirt with a printed design in size M.
643,T-Shirt,Wrangler ,Women,White,Printed,XXL,A white t-shirt with a printed design in size XXL.
644,T-Shirt,Flying Machine,Kids,Blue,Checked,XL,A blue t-shirt with a checked design in size XL.
645,T-Shirt,Flying Machine,Women,Red,Printed,XXL,A red t-shirt with a printed design in size XXL.
646,Shirt,Wrangler ,Men,Blue,Printed,XL,A blue shirt with a printed design in size XL.
647,Sweatshirt,Benetton,Kids,Red,Checked,L,A red sweatshirt with a checked design in size L.
648,T-Shirt,Benetton,Men,Red,Stripped,S,A red t-shirt with a stripped design in size S.
649,Sweatshirt,Benetton,Men,Black,Checked,L,A black sweatshirt with a checked design in size L.
650,Shirt,Puma,Men,Red,Checked,L,A red shirt with a checked design in size L.
651,T-Shirt,Wrangler ,Kids,Red,Stripped,S,A red t-shirt with a stripped design in size S.
652,T-Shirt,Myntra,Women,Blue,Printed,M,A blue t-shirt with a printed design in size M.
653,Sweatshirt,Lee ,Men,Red,Stripped,M,A red sweatshirt with a stripped design in size M.
654,Shirt,Myntra,Kids,Blue,Stripped,L,A blue shirt with a stripped design in size L.
655,T-Shirt,Flying Machine,Women,Black,Checked,L,A black t-shirt with a checked design in size L.
656,T-Shirt,Flying Machine,Women,Black,Checked,M,A black t-shirt with a checked design in size M.
657,T-Shirt,Benetton,Women,Black,Printed,XXL,A black t-shirt with a printed design in size XXL.
658,Sweatshirt,Lee ,Kids,Green,Checked,XL,A green sweatshirt with a checked design in size XL.
659,Shirt,Lee ,Women,Black,Checked,L,A black shirt with a checked design in size L.
660,Sweatshirt,Lee ,Kids,Blue,Printed,S,A blue sweatshirt with a printed design in size S.
661,Sweatshirt,Puma,Women,Red,Stripped,XXL,A red sweatshirt with a stripped design in size XXL.
662,Shirt,Lee ,Women,Black,Printed,L,A black shirt with a printed design in size L.
663,Sweatshirt,Wrangler ,Kids,Red,Printed,XL,A red sweatshirt with a printed design in size XL.
664,Sweatshirt,Highlander ,Women,Black,Checked,XXL,A black sweatshirt with a checked design in size XXL.
665,T-Shirt,Flying Machine,Men,Black,Printed,XL,A black t-shirt with a printed design in size XL.
666,Sweatshirt,Scullers,Men,Black,Printed,S,A black sweatshirt with a printed design in size S.
667,Sweatshirt,Wrangler ,Men,Blue,Stripped,M,A blue sweatshirt with a stripped design in size M.
668,Sweatshirt,Wrangler ,Kids,White,Stripped,M,A white sweatshirt with a stripped design in size M.
669,T-Shirt,Flying Machine,Women,Black,Stripped,L,A black t-shirt with a stripped design in size L.
670,T-Shirt,Benetton,Kids,Green,Stripped,L,A green t-shirt with a stripped design in size L.
671,Sweatshirt,Lee ,Men,White,Stripped,S,A white sweatshirt with a stripped design in size S.
672,T-Shirt,Puma,Women,Green,Stripped,XL,A green t-shirt with a stripped design in size XL.
673,Sweatshirt,Flying Machine,Kids,Green,Stripped,XXL,A green sweatshirt with a stripped design in size XXL.
674,Sweatshirt,Benetton,Women,Red,Printed,M,A red sweatshirt with a printed design in size M.
675,Sweatshirt,Benetton,Women,Blue,Stripped,XL,A blue sweatshirt with a stripped design in size XL.
676,T-Shirt,Flying Machine,Kids,Green,Stripped,XL,A green t-shirt with a stripped design in size XL.
677,Sweatshirt,Benetton,Women,White,Stripped,L,A white sweatshirt with a stripped design in size L.
678,T-Shirt,Highlander ,Men,Red,Stripped,XXL,A red t-shirt with a stripped design in size XXL.
679,Sweatshirt,Scullers,Men,White,Stripped,XXL,A white sweatshirt with a stripped design in size XXL.
680,T-Shirt,Puma,Women,Red,Printed,M,A red t-shirt with a printed design in size M.
681,Shirt,Wrangler ,Kids,Blue,Stripped,XL,A blue shirt with a stripped design in size XL.
682,T-Shirt,Flying Machine,Women,Blue,Printed,S,A blue t-shirt with a printed design in size S.
683,Shirt,Puma,Women,Black,Checked,XL,A black shirt with a checked design in size XL.
684,Sweatshirt,Wrangler ,Kids,White,Printed,XXL,A white sweatshirt with a printed design in size XXL.
685,Shirt,Scullers,Kids,Blue,Checked,L,A blue shirt with a checked design in size L.
686,T-Shirt,Flying Machine,Kids,Blue,Stripped,M,A blue t-shirt with a stripped design in size M.
687,T-Shirt,Puma,Kids,White,Checked,S,A white t-shirt with a checked design in size S.
688,Sweatshirt,Wrangler ,Men,Green,Printed,L,A green sweatshirt with a printed design in size L.
689,Shirt,Myntra,Kids,White,Stripped,XXL,A white shirt with a stripped design in size XXL.
690,T-Shirt,Scullers,Women,Green,Checked,XL,A green t-shirt with a checked design in size XL.
691,Sweatshirt,Lee ,Men,Green,Stripped,S,A green sweatshirt with a stripped design in size S.
692,T-Shirt,Benetton,Women,Green,Stripped,M,A green t-shirt with a stripped design in size M.
693,T-Shirt,Highlander ,Kids,Blue,Printed,XXL,A blue t-shirt with a printed design in size XXL.
694,Shirt,Wrangler ,Men,Blue,Printed,XL,A blue shirt with a printed design in size XL.
695,Sweatshirt,Scullers,Kids,White,Printed,S,A white sweatshirt with a printed design in size S.
696,T-Shirt,Flying Machine,Kids,White,Stripped,M,A white t-shirt with a stripped design in size M.
697,Sweatshirt,Flying Machine,Kids,Green,Checked,S,A green sweatshirt with a checked design in size S.
698,Shirt,Benetton,Men,Green,Printed,XL,A green shirt with a printed design in size XL.
699,Shirt,Flying Machine,Kids,Blue,Checked,L,A blue shirt with a checked design in size L.
700,T-Shirt,Scullers,Women,Blue,Checked,L,A blue t-shirt with a checked design in size L.
701,Sweatshirt,Myntra,Men,Black,Printed,XXL,A black sweatshirt with a printed design in size XXL.
702,Sweatshirt,Myntra,Women,White,Printed,S,A white sweatshirt with a printed design in size S.
703,T-Shirt,Flying Machine,Women,Blue,Printed,M,A blue t-shirt with a printed design in size M.
704,Shirt,Benetton,Men,White,Printed,L,A white shirt with a printed design in size L.
705,T-Shirt,Flying Machine,Kids,Green,Stripped,S,A green t-shirt with a stripped design in size S.
706,Shirt,Lee ,Women,Blue,Printed,M,A blue shirt with a printed design in size M.
707,Sweatshirt,Myntra,Men,White,Stripped,L,A white sweatshirt with a stripped design in size L.
708,Sweatshirt,Lee ,Women,Green,Checked,M,A green sweatshirt with a checked design in size M.
709,Shirt,Highlander ,Men,Green,Printed,S,A green shirt with a printed design in size S.
710,T-Shirt,Benetton,Women,Blue,Stripped,M,A blue t-shirt with a stripped design in size M.
711,Sweatshirt,Myntra,Women,Red,Printed,XXL,A red sweatshirt with a printed design in size XXL.
712,Shirt,Flying Machine,Men,Green,Printed,L,A green shirt with a printed design in size L.
713,Sweatshirt,Highlander ,Women,Blue,Stripped,XL,A blue sweatshirt with a stripped design in size XL.
714,Sweatshirt,Myntra,Women,Green,Printed,S,A green sweatshirt with a printed design in size S.
715,Sweatshirt,Flying Machine,Women,Green,Stripped,L,A green sweatshirt with a stripped design in size L.
716,T-Shirt,Wrangler ,Kids,Blue,Checked,XXL,A blue t-shirt with a checked design in size XXL.
717,Shirt,Myntra,Men,Black,Checked,M,A black shirt with a checked design in size M.
718,Shirt,Highlander ,Women,Black,Printed,S,A black shirt with a printed design in size S.
719,T-Shirt,Benetton,Women,Green,Printed,M,A green t-shirt with a printed design in size M.
720,T-Shirt,Scullers,Women,Blue,Checked,XXL,A blue t-shirt with a checked design in size XXL.
721,Sweatshirt,Myntra,Women,Blue,Printed,L,A blue sweatshirt with a printed design in size L.
722,Shirt,Flying Machine,Kids,Blue,Printed,XL,A blue shirt with a printed design in size XL.
723,T-Shirt,Benetton,Men,Blue,Checked,XL,A blue t-shirt with a checked design in size XL.
724,T-Shirt,Flying Machine,Women,Red,Checked,M,A red t-shirt with a checked design in size M.
725,Shirt,Lee ,Men,White,Printed,M,A white shirt with a printed design in size M.
726,T-Shirt,Flying Machine,Kids,Green,Stripped,M,A green t-shirt with a stripped design in size M.
727,Sweatshirt,Scullers,Men,Black,Stripped,XXL,A black sweatshirt with a stripped design in size XXL.
728,Shirt,Wrangler ,Men,Red,Stripped,XXL,A red shirt with a stripped design in size XXL.
729,T-Shirt,Scullers,Kids,Green,Stripped,XL,A green t-shirt with a stripped design in size XL.
730,T-Shirt,Lee ,Men,Black,Printed,L,A black t-shirt with a printed design in size L.
731,Shirt,Highlander ,Women,Blue,Printed,S,A blue shirt with a printed design in size S.
732,Sweatshirt,Wrangler ,Men,White,Stripped,M,A white sweatshirt with a stripped design in size M.
733,Sweatshirt,Scullers,Men,Blue,Stripped,XXL,A blue sweatshirt with a stripped design in size XXL.
734,Shirt,Flying Machine,Men,Blue,Checked,S,A blue shirt with a checked design in size S.
735,Shirt,Lee ,Men,Black,Printed,XXL,A black shirt with a printed design in size XXL.
736,T-Shirt,Benetton,Kids,Black,Printed,XL,A black t-shirt with a printed design in size XL.
737,Shirt,Highlander ,Women,Red,Stripped,S,A red shirt with a stripped design in size S.
738,Shirt,Flying Machine,Women,Blue,Stripped,M,A blue shirt with a stripped design in size M.
739,Shirt,Flying Machine,Men,White,Checked,XL,A white shirt with a checked design in size XL.
740,Sweatshirt,Scullers,Women,White,Printed,XL,A white sweatshirt with a printed design in size XL.
741,Shirt,Puma,Women,White,Stripped,L,A white shirt with a stripped design in size L.
742,Sweatshirt,Puma,Women,Red,Stripped,XL,A red sweatshirt with a stripped design in size XL.
743,Shirt,Flying Machine,Kids,Black,Checked,S,A black shirt with a checked design in size S.
744,T-Shirt,Benetton,Men,Red,Printed,XL,A red t-shirt with a printed design in size XL.
745,Shirt,Wrangler ,Women,Blue,Checked,S,A blue shirt with a checked design in size S.
746,Sweatshirt,Benetton,Women,Red,Printed,S,A red sweatshirt with a printed design in size S.
747,T-Shirt,Highlander ,Men,Black,Printed,L,A black t-shirt with a printed design in size L.
748,Sweatshirt,Wrangler ,Women,Green,Stripped,L,A green sweatshirt with a stripped design in size L.
749,T-Shirt,Lee ,Women,Blue,Printed,XXL,A blue t-shirt with a printed design in size XXL.
750,Sweatshirt,Highlander ,Men,Black,Checked,L,A black sweatshirt with a checked design in size L.
751,Shirt,Highlander ,Kids,Blue,Stripped,XXL,A blue shirt with a stripped design in size XXL.
752,T-Shirt,Highlander ,Men,Green,Checked,L,A green t-shirt with a checked design in size L.
753,T-Shirt,Puma,Women,Green,Stripped,M,A green t-shirt with a stripped design in size M.
754,Sweatshirt,Scullers,Women,Black,Stripped,XL,A black sweatshirt with a stripped design in size XL.
755,Shirt,Flying Machine,Women,Red,Stripped,M,A red shirt with a stripped design in size M.
756,T-Shirt,Scullers,Men,Green,Checked,XXL,A green t-shirt with a checked design in size XXL.
757,Sweatshirt,Benetton,Women,Green,Printed,M,A green sweatshirt with a printed design in size M.
758,Shirt,Myntra,Women,Red,Printed,XL,A red shirt with a printed design in size XL.
759,T-Shirt,Myntra,Women,Black,Printed,M,A black t-shirt with a printed design in size M.
760,Shirt,Wrangler ,Women,White,Checked,XL,A white shirt with a checked design in size XL.
761,Sweatshirt,Benetton,Men,Blue,Printed,S,A blue sweatshirt with a printed design in size S.
762,Sweatshirt,Scullers,Men,White,Stripped,XL,A white sweatshirt with a stripped design in size XL.
763,Shirt,Flying Machine,Women,White,Printed,XL,A white shirt with a printed design in size XL.
764,Sweatshirt,Wrangler ,Men,Black,Stripped,S,A black sweatshirt with a stripped design in size S.
765,Shirt,Highlander ,Men,Red,Printed,M,A red shirt with a printed design in size M.
766,Shirt,Wrangler ,Women,Red,Checked,S,A red shirt with a checked design in size S.
767,Sweatshirt,Benetton,Women,White,Checked,S,A white sweatshirt with a checked design in size S.
768,Sweatshirt,Wrangler ,Kids,Red,Stripped,L,A red sweatshirt with a stripped design in size L.
769,Sweatshirt,Wrangler ,Kids,White,Checked,S,A white sweatshirt with a checked design in size S.
770,Shirt,Wrangler ,Women,Black,Printed,S,A black shirt with a printed design in size S.
771,Shirt,Highlander ,Kids,Blue,Stripped,S,A blue shirt with a stripped design in size S.
772,Sweatshirt,Lee ,Kids,Blue,Stripped,M,A blue sweatshirt with a stripped design in size M.
773,Shirt,Highlander ,Women,Black,Stripped,M,A black shirt with a stripped design in size M.
774,Shirt,Scullers,Women,White,Stripped,XL,A white shirt with a stripped design in size XL.
775,Sweatshirt,Wrangler ,Men,White,Checked,XXL,A white sweatshirt with a checked design in size XXL.
776,Sweatshirt,Scullers,Men,Black,Printed,XXL,A black sweatshirt with a printed design in size XXL.
777,T-Shirt,Flying Machine,Women,Black,Stripped,M,A black t-shirt with a stripped design in size M.
778,T-Shirt,Highlander ,Women,Red,Printed,S,A red t-shirt with a printed design in size S.
779,Shirt,Puma,Kids,White,Printed,XXL,A white shirt with a printed design in size XXL.
780,T-Shirt,Puma,Men,Black,Checked,M,A black t-shirt with a checked design in size M.
781,Shirt,Flying Machine,Men,Black,Printed,M,A black shirt with a printed design in size M.
782,Shirt,Scullers,Men,Blue,Checked,S,A blue shirt with a checked design in size S.
783,T-Shirt,Scullers,Kids,Black,Printed,S,A black t-shirt with a printed design in size S.
784,Sweatshirt,Lee ,Women,Black,Printed,XXL,A black sweatshirt with a printed design in size XXL.
785,Sweatshirt,Wrangler ,Kids,Red,Checked,S,A red sweatshirt with a checked design in size S.
786,T-Shirt,Benetton,Men,White,Printed,M,A white t-shirt with a printed design in size M.
787,Sweatshirt,Lee ,Women,White,Stripped,L,A white sweatshirt with a stripped design in size L.
788,Sweatshirt,Scullers,Men,Blue,Printed,M,A blue sweatshirt with a printed design in size M.
789,T-Shirt,Scullers,Kids,Blue,Printed,XL,A blue t-shirt with a printed design in size XL.
790,T-Shirt,Myntra,Kids,Blue,Printed,S,A blue t-shirt with a printed design in size S.
791,Shirt,Lee ,Women,Black,Stripped,S,A black shirt with a stripped design in size S.
792,Sweatshirt,Scullers,Women,White,Stripped,XL,A white sweatshirt with a stripped design in size XL.
793,Sweatshirt,Scullers,Kids,Black,Stripped,L,A black sweatshirt with a stripped design in size L.
794,Sweatshirt,Scullers,Women,Red,Checked,XL,A red sweatshirt with a checked design in size XL.
795,Sweatshirt,Flying Machine,Kids,Blue,Stripped,S,A blue sweatshirt with a stripped design in size S.
796,Shirt,Benetton,Kids,Black,Stripped,S,A black shirt with a stripped design in size S.
797,T-Shirt,Lee ,Women,Blue,Checked,S,A blue t-shirt with a checked design in size S.
798,T-Shirt,Myntra,Kids,Black,Stripped,S,A black t-shirt with a stripped design in size S.
799,Shirt,Puma,Men,Black,Checked,XXL,A black shirt with a checked design in size XXL.
800,T-Shirt,Highlander ,Men,Red,Checked,S,A red t-shirt with a checked design in size S.
801,Sweatshirt,Lee ,Women,Green,Printed,M,A green sweatshirt with a printed design in size M.
802,Sweatshirt,Flying Machine,Men,Blue,Stripped,L,A blue sweatshirt with a stripped design in size L.
803,Sweatshirt,Wrangler ,Men,Red,Printed,L,A red sweatshirt with a printed design in size L.
804,Sweatshirt,Lee ,Women,White,Printed,L,A white sweatshirt with a printed design in size L.
805,Shirt,Benetton,Women,White,Checked,XL,A white shirt with a checked design in size XL.
806,T-Shirt,Lee ,Women,Red,Checked,S,A red t-shirt with a checked design in size S.
807,Shirt,Lee ,Women,White,Stripped,XL,A white shirt with a stripped design in size XL.
808,Sweatshirt,Myntra,Women,Green,Stripped,XL,A green sweatshirt with a stripped design in size XL.
809,Shirt,Scullers,Men,Black,Checked,S,A black shirt with a checked design in size S.
810,Shirt,Lee ,Kids,White,Printed,L,A white shirt with a printed design in size L.
811,Shirt,Benetton,Men,Red,Checked,XL,A red shirt with a checked design in size XL.
812,Shirt,Lee ,Kids,Red,Checked,XXL,A red shirt with a checked design in size XXL.
813,Sweatshirt,Lee ,Men,Blue,Stripped,M,A blue sweatshirt with a stripped design in size M.
814,Sweatshirt,Puma,Kids,White,Checked,XXL,A white sweatshirt with a checked design in size XXL.
815,T-Shirt,Highlander ,Kids,White,Checked,S,A white t-shirt with a checked design in size S.
816,T-Shirt,Lee ,Men,Blue,Checked,S,A blue t-shirt with a checked design in size S.
817,T-Shirt,Wrangler ,Women,Red,Stripped,S,A red t-shirt with a stripped design in size S.
818,Shirt,Puma,Men,Blue,Stripped,XXL,A blue shirt with a stripped design in size XXL.
819,Shirt,Lee ,Kids,Blue,Checked,M,A blue shirt with a checked design in size M.
820,Shirt,Flying Machine,Kids,White,Checked,M,A white shirt with a checked design in size M.
821,Shirt,Highlander ,Women,Red,Stripped,XL,A red shirt with a stripped design in size XL.
822,Sweatshirt,Benetton,Men,Blue,Checked,XXL,A blue sweatshirt with a checked design in size XXL.
823,Sweatshirt,Lee ,Women,Green,Printed,S,A green sweatshirt with a printed design in size S.
824,T-Shirt,Scullers,Kids,Red,Checked,M,A red t-shirt with a checked design in size M.
825,Shirt,Lee ,Kids,Red,Checked,M,A red shirt with a checked design in size M.
826,Sweatshirt,Lee ,Women,Green,Checked,M,A green sweatshirt with a checked design in size M.
827,Shirt,Myntra,Kids,Green,Checked,L,A green shirt with a checked design in size L.
828,Sweatshirt,Flying Machine,Women,Green,Checked,S,A green sweatshirt with a checked design in size S.
829,T-Shirt,Wrangler ,Women,Black,Stripped,XL,A black t-shirt with a stripped design in size XL.
830,Shirt,Highlander ,Men,White,Stripped,L,A white shirt with a stripped design in size L.
831,Sweatshirt,Highlander ,Men,Blue,Checked,M,A blue sweatshirt with a checked design in size M.
832,Sweatshirt,Myntra,Men,White,Checked,S,A white sweatshirt with a checked design in size S.
833,Sweatshirt,Puma,Kids,Red,Checked,S,A red sweatshirt with a checked design in size S.
834,Sweatshirt,Scullers,Kids,Black,Stripped,M,A black sweatshirt with a stripped design in size M.
835,T-Shirt,Flying Machine,Men,Green,Stripped,M,A green t-shirt with a stripped design in size M.
836,Sweatshirt,Scullers,Men,Red,Checked,L,A red sweatshirt with a checked design in size L.
837,T-Shirt,Flying Machine,Kids,Blue,Printed,S,A blue t-shirt with a printed design in size S.
838,T-Shirt,Scullers,Kids,Black,Printed,S,A black t-shirt with a printed design in size S.
839,T-Shirt,Highlander ,Kids,Green,Printed,S,A green t-shirt with a printed design in size S.
840,Shirt,Flying Machine,Kids,Green,Stripped,M,A green shirt with a stripped design in size M.
841,Sweatshirt,Highlander ,Women,White,Printed,L,A white sweatshirt with a printed design in size L.
842,T-Shirt,Highlander ,Men,Green,Stripped,S,A green t-shirt with a stripped design in size S.
843,T-Shirt,Scullers,Women,White,Checked,L,A white t-shirt with a checked design in size L.
844,Shirt,Lee ,Kids,Green,Stripped,XL,A green shirt with a stripped design in size XL.
845,Sweatshirt,Puma,Kids,Blue,Printed,S,A blue sweatshirt with a printed design in size S.
846,Shirt,Scullers,Men,Red,Stripped,XL,A red shirt with a stripped design in size XL.
847,Shirt,Highlander ,Men,Blue,Stripped,XXL,A blue shirt with a stripped design in size XXL.
848,T-Shirt,Myntra,Women,Red,Stripped,XL,A red t-shirt with a stripped design in size XL.
849,Shirt,Wrangler ,Kids,Black,Stripped,XXL,A black shirt with a stripped design in size XXL.
850,Shirt,Highlander ,Men,Blue,Checked,L,A blue shirt with a checked design in size L.
851,T-Shirt,Highlander ,Women,White,Stripped,S,A white t-shirt with a stripped design in size S.
852,Shirt,Puma,Women,Blue,Stripped,XXL,A blue shirt with a stripped design in size XXL.
853,Sweatshirt,Scullers,Kids,White,Checked,XXL,A white sweatshirt with a checked design in size XXL.
854,Shirt,Scullers,Men,Blue,Checked,S,A blue shirt with a checked design in size S.
855,Sweatshirt,Wrangler ,Kids,Green,Stripped,XL,A green sweatshirt with a stripped design in size XL.
856,T-Shirt,Scullers,Men,White,Printed,S,A white t-shirt with a printed design in size S.
857,Shirt,Benetton,Women,Red,Stripped,M,A red shirt with a stripped design in size M.
858,Sweatshirt,Highlander ,Women,Blue,Checked,S,A blue sweatshirt with a checked design in size S.
859,T-Shirt,Benetton,Kids,Green,Checked,L,A green t-shirt with a checked design in size L.
860,T-Shirt,Puma,Men,Black,Printed,XL,A black t-shirt with a printed design in size XL.
861,Shirt,Wrangler ,Kids,Blue,Printed,S,A blue shirt with a printed design in size S.
862,Sweatshirt,Highlander ,Men,Black,Stripped,XL,A black sweatshirt with a stripped design in size XL.
863,Shirt,Scullers,Women,Green,Stripped,M,A green shirt with a stripped design in size M.
864,T-Shirt,Flying Machine,Kids,Green,Checked,L,A green t-shirt with a checked design in size L.
865,Sweatshirt,Puma,Men,Red,Printed,XL,A red sweatshirt with a printed design in size XL.
866,Shirt,Puma,Men,Blue,Stripped,M,A blue shirt with a stripped design in size M.
867,Shirt,Myntra,Kids,White,Checked,XXL,A white shirt with a checked design in size XXL.
868,Shirt,Benetton,Women,Black,Stripped,M,A black shirt with a stripped design in size M.
869,T-Shirt,Wrangler ,Men,Green,Printed,S,A green t-shirt with a printed design in size S.
870,Shirt,Benetton,Men,White,Stripped,S,A white shirt with a stripped design in size S.
871,Shirt,Scullers,Kids,White,Printed,M,A white shirt with a printed design in size M.
872,Sweatshirt,Wrangler ,Kids,Black,Printed,XXL,A black sweatshirt with a printed design in size XXL.
873,Sweatshirt,Scullers,Women,Green,Checked,XXL,A green sweatshirt with a checked design in size XXL.
874,Shirt,Scullers,Men,Blue,Printed,S,A blue shirt with a printed design in size S.
875,T-Shirt,Myntra,Men,White,Stripped,S,A white t-shirt with a stripped design in size S.
876,Shirt,Highlander ,Kids,Blue,Checked,M,A blue shirt with a checked design in size M.
877,Sweatshirt,Highlander ,Women,Black,Stripped,L,A black sweatshirt with a stripped design in size L.
878,Sweatshirt,Myntra,Men,White,Printed,XL,A white sweatshirt with a printed design in size XL.
879,Shirt,Flying Machine,Women,Red,Stripped,XL,A red shirt with a stripped design in size XL.
880,Sweatshirt,Flying Machine,Men,Red,Printed,L,A red sweatshirt with a printed design in size L.
881,Shirt,Lee ,Men,Blue,Checked,S,A blue shirt with a checked design in size S.
882,Shirt,Puma,Women,Black,Checked,XXL,A black shirt with a checked design in size XXL.
883,Sweatshirt,Lee ,Men,Green,Printed,L,A green sweatshirt with a printed design in size L.
884,Sweatshirt,Benetton,Men,White,Stripped,XL,A white sweatshirt with a stripped design in size XL.
885,Sweatshirt,Puma,Women,Green,Stripped,M,A green sweatshirt with a stripped design in size M.
886,Shirt,Flying Machine,Women,Black,Printed,XXL,A black shirt with a printed design in size XXL.
887,Sweatshirt,Flying Machine,Women,White,Stripped,XL,A white sweatshirt with a stripped design in size XL.
888,Shirt,Flying Machine,Women,White,Printed,S,A white shirt with a printed design in size S.
889,Shirt,Flying Machine,Kids,Black,Checked,XXL,A black shirt with a checked design in size XXL.
890,Shirt,Lee ,Women,Green,Stripped,S,A green shirt with a stripped design in size S.
891,Shirt,Wrangler ,Men,Black,Checked,M,A black shirt with a checked design in size M.
892,T-Shirt,Flying Machine,Women,Blue,Stripped,S,A blue t-shirt with a stripped design in size S.
893,Sweatshirt,Flying Machine,Women,Green,Checked,S,A green sweatshirt with a checked design in size S.
894,Shirt,Wrangler ,Kids,Black,Printed,S,A black shirt with a printed design in size S.
895,Shirt,Wrangler ,Women,Green,Stripped,L,A green shirt with a stripped design in size L.
896,Sweatshirt,Flying Machine,Kids,Green,Stripped,M,A green sweatshirt with a stripped design in size M.
897,Shirt,Scullers,Men,White,Stripped,S,A white shirt with a stripped design in size S.
898,Shirt,Myntra,Women,Red,Checked,S,A red shirt with a checked design in size S.
899,Sweatshirt,Flying Machine,Men,Blue,Printed,L,A blue sweatshirt with a printed design in size L.
900,T-Shirt,Benetton,Women,Green,Checked,XL,A green t-shirt with a checked design in size XL.
901,Sweatshirt,Wrangler ,Women,Black,Stripped,XXL,A black sweatshirt with a stripped design in size XXL.
902,Sweatshirt,Myntra,Women,Blue,Stripped,M,A blue sweatshirt with a stripped design in size M.
903,Sweatshirt,Puma,Women,Blue,Printed,M,A blue sweatshirt with a printed design in size M.
904,Shirt,Scullers,Men,Red,Printed,XXL,A red shirt with a printed design in size XXL.
905,Shirt,Lee ,Women,Green,Checked,M,A green shirt with a checked design in size M.
906,Sweatshirt,Flying Machine,Men,Blue,Stripped,L,A blue sweatshirt with a stripped design in size L.
907,Sweatshirt,Myntra,Kids,Red,Stripped,XXL,A red sweatshirt with a stripped design in size XXL.
908,Shirt,Benetton,Men,Black,Printed,L,A black shirt with a printed design in size L.
909,T-Shirt,Scullers,Kids,Red,Stripped,L,A red t-shirt with a stripped design in size L.
910,Sweatshirt,Myntra,Men,Blue,Printed,L,A blue sweatshirt with a printed design in size L.
911,Sweatshirt,Puma,Women,Red,Printed,XXL,A red sweatshirt with a printed design in size XXL.
912,T-Shirt,Myntra,Men,Green,Printed,S,A green t-shirt with a printed design in size S.
913,Shirt,Wrangler ,Kids,Blue,Checked,S,A blue shirt with a checked design in size S.
914,Sweatshirt,Lee ,Men,Black,Stripped,M,A black sweatshirt with a stripped design in size M.
915,Shirt,Lee ,Men,Green,Checked,XL,A green shirt with a checked design in size XL.
916,Shirt,Highlander ,Men,Blue,Printed,XL,A blue shirt with a printed design in size XL.
917,Sweatshirt,Scullers,Men,Red,Stripped,XL,A red sweatshirt with a stripped design in size XL.
918,Sweatshirt,Lee ,Kids,Blue,Checked,L,A blue sweatshirt with a checked design in size L.
919,T-Shirt,Benetton,Kids,Blue,Checked,M,A blue t-shirt with a checked design in size M.
920,Shirt,Myntra,Women,Black,Stripped,XXL,A black shirt with a stripped design in size XXL.
921,T-Shirt,Lee ,Kids,White,Printed,S,A white t-shirt with a printed design in size S.
922,Sweatshirt,Puma,Kids,Green,Printed,M,A green sweatshirt with a printed design in size M.
923,Sweatshirt,Scullers,Kids,White,Printed,XXL,A white sweatshirt with a printed design in size XXL.
924,Shirt,Scullers,Women,Black,Checked,XL,A black shirt with a checked design in size XL.
925,Shirt,Lee ,Kids,Black,Printed,XXL,A black shirt with a printed design in size XXL.
926,Sweatshirt,Benetton,Kids,Green,Printed,M,A green sweatshirt with a printed design in size M.
927,Sweatshirt,Flying Machine,Kids,White,Printed,XL,A white sweatshirt with a printed design in size XL.
928,T-Shirt,Myntra,Kids,Blue,Checked,M,A blue t-shirt with a checked design in size M.
929,Sweatshirt,Wrangler ,Women,Blue,Stripped,XXL,A blue sweatshirt with a stripped design in size XXL.
930,Sweatshirt,Flying Machine,Men,Black,Printed,XXL,A black sweatshirt with a printed design in size XXL.
931,T-Shirt,Benetton,Men,Green,Printed,XXL,A green t-shirt with a printed design in size XXL.
932,Shirt,Wrangler ,Women,Blue,Printed,XXL,A blue shirt with a printed design in size XXL.
933,Shirt,Myntra,Men,Blue,Printed,XXL,A blue shirt with a printed design in size XXL.
934,T-Shirt,Puma,Women,White,Checked,XL,A white t-shirt with a checked design in size XL.
935,Shirt,Myntra,Women,White,Printed,XL,A white shirt with a printed design in size XL.
936,T-Shirt,Benetton,Kids,Blue,Stripped,M,A blue t-shirt with a stripped design in size M.
937,Shirt,Wrangler ,Women,White,Printed,M,A white shirt with a printed design in size M.
938,T-Shirt,Lee ,Men,Black,Printed,S,A black t-shirt with a printed design in size S.
939,Shirt,Lee ,Kids,Red,Checked,S,A red shirt with a checked design in size S.
940,T-Shirt,Flying Machine,Men,White,Checked,L,A white t-shirt with a checked design in size L.
941,T-Shirt,Highlander ,Women,White,Stripped,XXL,A white t-shirt with a stripped design in size XXL.
942,Sweatshirt,Highlander ,Men,Red,Checked,XXL,A red sweatshirt with a checked design in size XXL.
943,T-Shirt,Wrangler ,Men,Green,Checked,M,A green t-shirt with a checked design in size M.
944,Sweatshirt,Myntra,Men,Red,Printed,L,A red sweatshirt with a printed design in size L.
945,T-Shirt,Myntra,Kids,Blue,Printed,XL,A blue t-shirt with a printed design in size XL.
946,Sweatshirt,Highlander ,Men,Blue,Stripped,L,A blue sweatshirt with a stripped design in size L.
947,Shirt,Benetton,Kids,Green,Stripped,XXL,A green shirt with a stripped design in size XXL.
948,T-Shirt,Wrangler ,Women,Red,Stripped,M,A red t-shirt with a stripped design in size M.
949,Sweatshirt,Wrangler ,Kids,Black,Checked,XXL,A black sweatshirt with a checked design in size XXL.
950,Shirt,Highlander ,Men,White,Checked,S,A white shirt with a checked design in size S.
951,T-Shirt,Lee ,Men,Green,Checked,L,A green t-shirt with a checked design in size L.
952,Sweatshirt,Myntra,Men,White,Checked,L,A white sweatshirt with a checked design in size L.
953,T-Shirt,Scullers,Men,Black,Stripped,S,A black t-shirt with a stripped design in size S.
954,T-Shirt,Myntra,Kids,Green,Checked,S,A green t-shirt with a checked design in size S.
955,Sweatshirt,Myntra,Women,Red,Stripped,L,A red sweatshirt with a stripped design in size L.
956,T-Shirt,Puma,Men,Blue,Printed,XXL,A blue t-shirt with a printed design in size XXL.
957,Shirt,Puma,Women,Green,Printed,S,A green shirt with a printed design in size S.
958,Sweatshirt,Highlander ,Women,Black,Stripped,XXL,A black sweatshirt with a stripped design in size XXL.
959,Sweatshirt,Highlander ,Men,Black,Printed,XL,A black sweatshirt with a printed design in size XL.
960,Sweatshirt,Myntra,Men,White,Checked,XXL,A white sweatshirt with a checked design in size XXL.
961,Shirt,Highlander ,Men,White,Printed,XL,A white shirt with a printed design in size XL.
962,Sweatshirt,Highlander ,Women,White,Stripped,S,A white sweatshirt with a stripped design in size S.
963,Sweatshirt,Puma,Women,White,Checked,S,A white sweatshirt with a checked design in size S.
964,Shirt,Highlander ,Kids,Green,Checked,M,A green shirt with a checked design in size M.
965,T-Shirt,Benetton,Kids,White,Stripped,M,A white t-shirt with a stripped design in size M.
966,Shirt,Scullers,Kids,Black,Stripped,XL,A black shirt with a stripped design in size XL.
967,T-Shirt,Scullers,Men,White,Printed,S,A white t-shirt with a printed design in size S.
968,Shirt,Highlander ,Women,White,Checked,S,A white shirt with a checked design in size S.
969,T-Shirt,Myntra,Kids,Red,Checked,M,A red t-shirt with a checked design in size M.
970,Sweatshirt,Highlander ,Kids,Red,Stripped,L,A red sweatshirt with a stripped design in size L.
971,T-Shirt,Benetton,Men,Blue,Printed,XL,A blue t-shirt with a printed design in size XL.
972,Shirt,Puma,Women,Black,Printed,XXL,A black shirt with a printed design in size XXL.
973,Sweatshirt,Puma,Women,Black,Stripped,M,A black sweatshirt with a stripped design in size M.
974,T-Shirt,Puma,Women,Green,Checked,M,A green t-shirt with a checked design in size M.
975,T-Shirt,Puma,Men,Green,Printed,XXL,A green t-shirt with a printed design in size XXL.
976,Sweatshirt,Benetton,Men,White,Printed,M,A white sweatshirt with a printed design in size M.
977,T-Shirt,Benetton,Women,Black,Stripped,XXL,A black t-shirt with a stripped design in size XXL.
978,Shirt,Myntra,Women,Green,Checked,L,A green shirt with a checked design in size L.
979,Sweatshirt,Puma,Men,Green,Printed,XL,A green sweatshirt with a printed design in size XL.
980,Shirt,Highlander ,Kids,Green,Printed,XXL,A green shirt with a printed design in size XXL.
981,Shirt,Scullers,Kids,White,Printed,L,A white shirt with a printed design in size L.
982,Sweatshirt,Lee ,Kids,White,Printed,S,A white sweatshirt with a printed design in size S.
983,Sweatshirt,Puma,Women,Red,Checked,S,A red sweatshirt with a checked design in size S.
984,Sweatshirt,Scullers,Kids,Blue,Printed,L,A blue sweatshirt with a printed design in size L.
985,Sweatshirt,Lee ,Men,Green,Checked,XL,A green sweatshirt with a checked design in size XL.
986,T-Shirt,Wrangler ,Women,Red,Stripped,M,A red t-shirt with a stripped design in size M.
987,T-Shirt,Lee ,Women,White,Printed,XXL,A white t-shirt with a printed design in size XXL.
988,T-Shirt,Myntra,Kids,Black,Stripped,XL,A black t-shirt with a stripped design in size XL.
989,T-Shirt,Scullers,Kids,Green,Printed,XL,A green t-shirt with a printed design in size XL.
990,Shirt,Myntra,Men,Green,Stripped,XL,A green shirt with a stripped design in size XL.
991,T-Shirt,Lee ,Kids,Black,Stripped,XL,A black t-shirt with a stripped design in size XL.
992,T-Shirt,Wrangler ,Men,Red,Checked,XL,A red t-shirt with a checked design in size XL.
993,Sweatshirt,Highlander ,Men,White,Checked,S,A white sweatshirt with a checked design in size S.
994,T-Shirt,Highlander ,Men,Red,Stripped,XL,A red t-shirt with a stripped design in size XL.
995,Sweatshirt,Scullers,Men,Red,Printed,M,A red sweatshirt with a printed design in size M.
996,T-Shirt,Flying Machine,Kids,Green,Stripped,S,A green t-shirt with a stripped design in size S.
997,Sweatshirt,Myntra,Kids,Red,Printed,M,A red sweatshirt with a printed design in size M.
998,Shirt,Wrangler ,Kids,White,Stripped,L,A white shirt with a stripped design in size L.
999,Sweatshirt,Flying Machine,Men,Black,Printed,XL,A black sweatshirt with a printed design in size XL.
1000,Shirt,Myntra,Women,Green,Stripped,XL,A green shirt with a stripped design in size XL.
